"StudyID","Species","Taxon.group","Endo.Ecto","Trait.Name","Fitness.Measure.Defined","linear.coefs","linear.coefs.se","grad.diff","elevation","abs.Lat","Genus","family","order","class"
15,"Parus caeruleus","V","Endo","chick tarsus length","survival (recruitment to the breeding population)",-1.426510584,0.60238109,"grad",29,42.5667,"Parus","Paridae","Passeriformes","Ave"
79,"Phasianus colchicus","V","Endo","weight","female survival",-0.8,NA,"grad",17,55.7232,"Phasianus","Phasianidae","Galliformes","Ave"
73,"Lacerta agilis","V","Ecto","Female mass","Survival rate of offspring (proportion)",-0.759,0.472,"grad",5,57.3947,"Lacerta","Laceratidae","Squamata","Reptilia"
15,"Parus caeruleus","V","Endo","chick tarsus length","survival (recruitment to the breeding population)",-0.704837692,0.51898546,"grad",593,42.55,"Parus","Paridae","Passeriformes","Ave"
73,"Lacerta agilis","V","Ecto","Female mass","Survival rate of offspring (absolute recruitment)",-0.595,0.454,"grad",5,57.3947,"Lacerta","Laceratidae","Squamata","Reptilia"
101,"Zosterops lateralis chlorocephalus","V","Endo","wing length","survival",-0.535,NA,"grad",-17,23.4333,"Zosterops","Zosteropidae","Passeriformes","Ave"
15,"Parus caeruleus","V","Endo","chick weight","survival (recruitment to the breeding population)",-0.496708399,1.21816711,"grad",29,42.5667,"Parus","Paridae","Passeriformes","Ave"
79,"Phasianus colchicus","V","Endo","weight","female survival",-0.43,NA,"grad",17,55.7232,"Phasianus","Phasianidae","Galliformes","Ave"
61,"Negaprion brevirostris","V","Ecto","body length","survival",-0.41,NA,"grad",8,25.745,"Negaprion","Carcharhinidae","Elasmobranchii","Chondrichthyes"
61,"Negaprion brevirostris","V","Ecto","body length","survival",-0.4,NA,"grad",8,25.745,"Negaprion","Carcharhinidae","Elasmobranchii","Chondrichthyes"
79,"Phasianus colchicus","V","Endo","weight","female survival",-0.4,NA,"grad",17,55.7232,"Phasianus","Phasianidae","Galliformes","Ave"
61,"Negaprion brevirostris","V","Ecto","condition factor","survival",-0.359595,NA,"grad",8,25.745,"Negaprion","Carcharhinidae","Elasmobranchii","Chondrichthyes"
61,"Negaprion brevirostris","V","Ecto","body length","survival",-0.35,NA,"grad",8,25.745,"Negaprion","Carcharhinidae","Elasmobranchii","Chondrichthyes"
61,"Negaprion brevirostris","V","Ecto","growth","survival",-0.35,NA,"grad",8,25.745,"Negaprion","Carcharhinidae","Elasmobranchii","Chondrichthyes"
15,"Parus caeruleus","V","Endo","chick weight","survival (recruitment to the breeding population)",-0.348872989,0.36895598,"grad",29,42.5667,"Parus","Paridae","Passeriformes","Ave"
15,"Parus caeruleus","V","Endo","chick tarsus length","survival (recruitment to the breeding population)",-0.332686522,0.39567515,"grad",232,43.6667,"Parus","Paridae","Passeriformes","Ave"
61,"Negaprion brevirostris","V","Ecto","growth","survival",-0.33,NA,"grad",8,25.745,"Negaprion","Carcharhinidae","Elasmobranchii","Chondrichthyes"
132,"Anolis sagrei","V","Ecto","hindlimb X forlimb length","survival",-0.32,0.15,"grad",-1,23.4833,"Anolis","Dactyloidae","Squamata","Reptilia"
112,"Zosterops lateralis chlorocephalus","V","Endo","tail","survival",-0.32,0.2,"grad",-17,23.4333,"Zosterops","Zosteropidae","Passeriformes","Ave"
11,"Calopteryx splendens","I","Ecto","Hindwing length","Minimum lifespan in field (a measure of survival), H_je «_Å population",-0.294091,NA,"grad",10,55.7,"Calopteryx","Calopterygidae","Odonata","Insecta"
75,"Salmo salar","V","Ecto","body length (immature + mature fish)","Age-2 winter survival",-0.28,NA,"grad",124,42.4167,"Salmo","Salmonidae","Salmoniformes","Actinopterygii"
61,"Negaprion brevirostris","V","Ecto","body length","survival",-0.27,NA,"grad",8,25.745,"Negaprion","Carcharhinidae","Elasmobranchii","Chondrichthyes"
75,"Salmo salar","V","Ecto","body length (immature fish)","Age-2 winter survival",-0.27,NA,"grad",124,42.4167,"Salmo","Salmonidae","Salmoniformes","Actinopterygii"
15,"Parus caeruleus","V","Endo","chick tarsus length","survival (recruitment to the breeding population)",-0.261218811,0.3534121,"grad",29,42.5667,"Parus","Paridae","Passeriformes","Ave"
61,"Negaprion brevirostris","V","Ecto","growth","survival",-0.26,NA,"grad",8,25.745,"Negaprion","Carcharhinidae","Elasmobranchii","Chondrichthyes"
67,"Ovis aries","V","Endo","body weight -  adult males","survival",-0.253,0.22,"grad",121,57.814,"Ovis","Bovidae","Artiodactyla","Mammalia"
61,"Negaprion brevirostris","V","Ecto","body length","survival",-0.250416,NA,"grad",8,25.745,"Negaprion","Carcharhinidae","Elasmobranchii","Chondrichthyes"
79,"Phasianus colchicus","V","Endo","wing length","male survival",-0.25,NA,"grad",17,55.7232,"Phasianus","Phasianidae","Galliformes","Ave"
79,"Phasianus colchicus","V","Endo","wing length","male survival",-0.24,NA,"grad",17,55.7232,"Phasianus","Phasianidae","Galliformes","Ave"
15,"Parus caeruleus","V","Endo","chick tarsus length","survival (recruitment to the breeding population)",-0.234928705,0.50760675,"grad",29,42.5667,"Parus","Paridae","Passeriformes","Ave"
11,"Calopteryx splendens","I","Ecto","Hindwing width","Minimum lifespan in field (a measure of survival), Klingav_ls_n population",-0.226834,NA,"grad",33,55.6333,"Calopteryx","Calopterygidae","Odonata","Insecta"
15,"Parus caeruleus","V","Endo","chick tarsus length","survival (recruitment to the breeding population)",-0.226011228,0.25188037,"grad",593,42.55,"Parus","Paridae","Passeriformes","Ave"
61,"Negaprion brevirostris","V","Ecto","body length","survival",-0.220991,NA,"grad",8,25.745,"Negaprion","Carcharhinidae","Elasmobranchii","Chondrichthyes"
73,"Lacerta agilis","V","Ecto","Female condition","Survival rate of offspring (proportion)",-0.22,0.378,"grad",5,57.3947,"Lacerta","Laceratidae","Squamata","Reptilia"
11,"Calopteryx splendens","I","Ecto","Mass","Minimum lifespan in field (a measure of survival), Klingav_ls_n population",-0.218969,NA,"grad",33,55.6333,"Calopteryx","Calopterygidae","Odonata","Insecta"
150,"Chrysemys picta","V","Ecto","Egg mass","clutch survival",-0.218,0.238,"grad",184,41.9586,"Chrysemys","Emydidae","Testudines","Reptilia"
119,"Aquarius remigis","I","Ecto","thorax length","longevity",-0.21,NA,"grad",31,45.5167,"Aquarius","Gerridae","Hemiptera","Insecta"
11,"Calopteryx splendens","I","Ecto","Hindwing length","Minimum lifespan in field (a measure of survival), Klingav_ls_n population",-0.202437,NA,"grad",33,55.6333,"Calopteryx","Calopterygidae","Odonata","Insecta"
75,"Salmo salar","V","Ecto","body length (immature + mature fish)","Age-2 winter survival",-0.2,NA,"grad",124,42.4167,"Salmo","Salmonidae","Salmoniformes","Actinopterygii"
37,"Stegastes partitus","V","Ecto","Relative growth rate (Dk)","Longevity",-0.198,0.052,"grad",-30,23.7903,"Stegastes","Pomacentridae","Blenniformes","Actinopterygii"
67,"Ovis aries","V","Endo","hindlimb length - adult males","survival",-0.189,0.219,"grad",121,57.814,"Ovis","Bovidae","Artiodactyla","Mammalia"
37,"Stegastes partitus","V","Ecto","Relative growth rate (Dk)","Longevity",-0.187,0.125,"grad",-2,23.7179,"Stegastes","Pomacentridae","Blenniformes","Actinopterygii"
101,"Zosterops lateralis chlorocephalus","V","Endo","tarsus length","survival",-0.185,NA,"grad",-17,23.4333,"Zosterops","Zosteropidae","Passeriformes","Ave"
61,"Negaprion brevirostris","V","Ecto","body length","survival",-0.18,NA,"grad",8,25.745,"Negaprion","Carcharhinidae","Elasmobranchii","Chondrichthyes"
75,"Salmo salar","V","Ecto","condition factor (immature fish)","Age-1 summer survival",-0.18,NA,"grad",124,42.4167,"Salmo","Salmonidae","Salmoniformes","Actinopterygii"
119,"Aquarius remigis","I","Ecto","abdomen length","longevity",-0.179,NA,"grad",31,45.5167,"Aquarius","Gerridae","Hemiptera","Insecta"
11,"Calopteryx splendens","I","Ecto","Hindwing width","Minimum lifespan in field (a measure of survival), Klingav_ls_n population",-0.175656,NA,"grad",33,55.6333,"Calopteryx","Calopterygidae","Odonata","Insecta"
11,"Calopteryx splendens","I","Ecto","Thorax length","Minimum lifespan in field (a measure of survival), Klingav_ls_n population",-0.172754,NA,"grad",33,55.6333,"Calopteryx","Calopterygidae","Odonata","Insecta"
101,"Zosterops lateralis chlorocephalus","V","Endo","culmen depth","survival",-0.171,NA,"grad",-17,23.4333,"Zosterops","Zosteropidae","Passeriformes","Ave"
61,"Negaprion brevirostris","V","Ecto","condition factor","survival",-0.17,NA,"grad",8,25.745,"Negaprion","Carcharhinidae","Elasmobranchii","Chondrichthyes"
150,"Chrysemys picta","V","Ecto","Egg mass","clutch survival",-0.166,0.473,"grad",184,41.9586,"Chrysemys","Emydidae","Testudines","Reptilia"
37,"Stegastes partitus","V","Ecto","Relative growth rate (Dk)","Longevity",-0.166,0.055,"grad",0,23.6725,"Stegastes","Pomacentridae","Blenniformes","Actinopterygii"
11,"Calopteryx splendens","I","Ecto","Total length","Minimum lifespan in field (a measure of survival), Klingav_ls_n population",-0.165706,NA,"grad",33,55.6333,"Calopteryx","Calopterygidae","Odonata","Insecta"
67,"Ovis aries","V","Endo","body weight - juveniles","survival",-0.163,0.071,"grad",121,57.814,"Ovis","Bovidae","Artiodactyla","Mammalia"
61,"Negaprion brevirostris","V","Ecto","condition factor","survival",-0.16,NA,"grad",8,25.745,"Negaprion","Carcharhinidae","Elasmobranchii","Chondrichthyes"
61,"Negaprion brevirostris","V","Ecto","growth","survival",-0.16,NA,"grad",8,25.745,"Negaprion","Carcharhinidae","Elasmobranchii","Chondrichthyes"
112,"Zosterops lateralis chlorocephalus","V","Endo","tarsus","survival",-0.16,0.07,"grad",-17,23.4333,"Zosterops","Zosteropidae","Passeriformes","Ave"
74,"Oncorhynchus nerka","V","Ecto","body length","Male survival",-0.157,0.031,"grad",19,59.3217,"Oncorhynchus","Salmonidae","Salmoniformes","Actinopterygii"
79,"Phasianus colchicus","V","Endo","wing length","female survival",-0.15,NA,"grad",17,55.7232,"Phasianus","Phasianidae","Galliformes","Ave"
11,"Calopteryx splendens","I","Ecto","Total length","Minimum lifespan in field (a measure of survival), Klingav_ls_n population",-0.141968,NA,"grad",33,55.6333,"Calopteryx","Calopterygidae","Odonata","Insecta"
79,"Phasianus colchicus","V","Endo","wing length","female survival",-0.14,NA,"grad",17,55.7232,"Phasianus","Phasianidae","Galliformes","Ave"
75,"Salmo salar","V","Ecto","condition factor (immature fish)","Age-2 winter survival",-0.14,NA,"grad",124,42.4167,"Salmo","Salmonidae","Salmoniformes","Actinopterygii"
112,"Zosterops lateralis chlorocephalus","V","Endo","cull","survival",-0.14,0.19,"grad",-17,23.4333,"Zosterops","Zosteropidae","Passeriformes","Ave"
112,"Zosterops lateralis chlorocephalus","V","Endo","culd","survival",-0.14,0.2,"grad",-17,23.4333,"Zosterops","Zosteropidae","Passeriformes","Ave"
15,"Parus caeruleus","V","Endo","chick tarsus length","survival (recruitment to the breeding population)",-0.139206092,0.29398202,"grad",232,43.6667,"Parus","Paridae","Passeriformes","Ave"
101,"Zosterops lateralis chlorocephalus","V","Endo","tarsus length","survival",-0.136,NA,"grad",-17,23.4333,"Zosterops","Zosteropidae","Passeriformes","Ave"
101,"Zosterops lateralis chlorocephalus","V","Endo","tarsus length","survival",-0.135,NA,"grad",-17,23.4333,"Zosterops","Zosteropidae","Passeriformes","Ave"
11,"Calopteryx splendens","I","Ecto","Mass","Minimum lifespan in field (a measure of survival), H_je «_Å population",-0.133509,NA,"grad",10,55.7,"Calopteryx","Calopterygidae","Odonata","Insecta"
101,"Zosterops lateralis chlorocephalus","V","Endo","tail length","survival",-0.131,NA,"grad",-17,23.4333,"Zosterops","Zosteropidae","Passeriformes","Ave"
61,"Negaprion brevirostris","V","Ecto","body length","survival",-0.130385,NA,"grad",8,25.745,"Negaprion","Carcharhinidae","Elasmobranchii","Chondrichthyes"
61,"Negaprion brevirostris","V","Ecto","body length","survival",-0.13,NA,"grad",8,25.745,"Negaprion","Carcharhinidae","Elasmobranchii","Chondrichthyes"
61,"Negaprion brevirostris","V","Ecto","body length","survival",-0.12680955,NA,"grad",8,25.745,"Negaprion","Carcharhinidae","Elasmobranchii","Chondrichthyes"
61,"Negaprion brevirostris","V","Ecto","condition factor","survival",-0.124224,NA,"grad",8,25.745,"Negaprion","Carcharhinidae","Elasmobranchii","Chondrichthyes"
158,"Parus major","V","Endo","adult body mass","survival to the next breeding season",-0.124,0.057,"grad",10,51.641,"Parus","Paridae","Passeriformes","Ave"
158,"Parus major","V","Endo","tarsus length","survival to the next breeding season",-0.124,0.052,"grad",-2,53.2833,"Parus","Paridae","Passeriformes","Ave"
144,"Carpodacus mexicanus","V","Endo","Beak width","juvenile survival",-0.121,NA,"grad",971,46.8607,"Carpodacus","Fringillidae","Passeriformes","Ave"
75,"Salmo salar","V","Ecto","body length (immature fish)","Age-2 winter survival",-0.12,NA,"grad",124,42.4167,"Salmo","Salmonidae","Salmoniformes","Actinopterygii"
79,"Phasianus colchicus","V","Endo","tarsus length","male survival",-0.12,NA,"grad",17,55.7232,"Phasianus","Phasianidae","Galliformes","Ave"
112,"Zosterops lateralis chlorocephalus","V","Endo","culw","survival",-0.12,0.07,"grad",-17,23.4333,"Zosterops","Zosteropidae","Passeriformes","Ave"
61,"Negaprion brevirostris","V","Ecto","body length","survival",-0.11748,NA,"grad",8,25.745,"Negaprion","Carcharhinidae","Elasmobranchii","Chondrichthyes"
11,"Calopteryx splendens","I","Ecto","Forewing width","Minimum lifespan in field (a measure of survival), H_je «_Å population",-0.116828,NA,"grad",10,55.7,"Calopteryx","Calopterygidae","Odonata","Insecta"
51,"Poecilia reticulata","V","Ecto","Body Size","survival",-0.11,NA,"grad",88,10.4606,"Poecilia","Poecilidae","Cyprinodontiformes","Actinopterygii"
112,"Zosterops lateralis chlorocephalus","V","Endo","cull","survival",-0.11,0.1,"grad",-17,23.4333,"Zosterops","Zosteropidae","Passeriformes","Ave"
112,"Zosterops lateralis chlorocephalus","V","Endo","tarsus","survival",-0.11,0.05,"grad",-17,23.4333,"Zosterops","Zosteropidae","Passeriformes","Ave"
37,"Stegastes partitus","V","Ecto","Asymptotic body size (Tlmax)","Longevity",-0.107,0.085,"grad",-2,23.7179,"Stegastes","Pomacentridae","Blenniformes","Actinopterygii"
144,"Carpodacus mexicanus","V","Endo","Beak Depth","juvenile survival",-0.103,NA,"grad",971,46.8607,"Carpodacus","Fringillidae","Passeriformes","Ave"
11,"Calopteryx splendens","I","Ecto","Thorax width","Minimum lifespan in field (a measure of survival), Klingav_ls_n population",-0.101922,NA,"grad",33,55.6333,"Calopteryx","Calopterygidae","Odonata","Insecta"
112,"Zosterops lateralis chlorocephalus","V","Endo","wing","survival",-0.1,0.1,"grad",-17,23.4333,"Zosterops","Zosteropidae","Passeriformes","Ave"
112,"Zosterops lateralis chlorocephalus","V","Endo","culd","survival",-0.1,0.1,"grad",-17,23.4333,"Zosterops","Zosteropidae","Passeriformes","Ave"
61,"Negaprion brevirostris","V","Ecto","growth","survival",-0.098268,NA,"grad",8,25.745,"Negaprion","Carcharhinidae","Elasmobranchii","Chondrichthyes"
158,"Parus major","V","Endo","adult body mass","survival to the next breeding season",-0.098,0.061,"grad",-2,53.2833,"Parus","Paridae","Passeriformes","Ave"
61,"Negaprion brevirostris","V","Ecto","body length","survival",-0.0975744,NA,"grad",8,25.745,"Negaprion","Carcharhinidae","Elasmobranchii","Chondrichthyes"
158,"Parus major","V","Endo","tarsus length","survival to the next breeding season",-0.097,0.068,"grad",10,51.641,"Parus","Paridae","Passeriformes","Ave"
61,"Negaprion brevirostris","V","Ecto","body length","survival",-0.095,NA,"grad",8,25.745,"Negaprion","Carcharhinidae","Elasmobranchii","Chondrichthyes"
101,"Zosterops lateralis chlorocephalus","V","Endo","culmen length","survival",-0.092,NA,"grad",-17,23.4333,"Zosterops","Zosteropidae","Passeriformes","Ave"
75,"Salmo salar","V","Ecto","growth (immature + mature fish)","Age-1 winter survival",-0.09,NA,"grad",124,42.4167,"Salmo","Salmonidae","Salmoniformes","Actinopterygii"
75,"Salmo salar","V","Ecto","growth (immature + mature fish)","Age-2 winter survival",-0.09,NA,"grad",124,42.4167,"Salmo","Salmonidae","Salmoniformes","Actinopterygii"
112,"Zosterops lateralis chlorocephalus","V","Endo","tarsus","survival",-0.09,0.17,"grad",-17,23.4333,"Zosterops","Zosteropidae","Passeriformes","Ave"
15,"Parus caeruleus","V","Endo","chick weight","survival (recruitment to the breeding population)",-0.089037598,0.22842674,"grad",593,42.55,"Parus","Paridae","Passeriformes","Ave"
73,"Lacerta agilis","V","Ecto","Female condition","Survival rate of offspring (absolute recruitment)",-0.089,0.509,"grad",5,57.3947,"Lacerta","Laceratidae","Squamata","Reptilia"
144,"Carpodacus mexicanus","V","Endo","Beak Depth","juvenile survival",-0.088,NA,"grad",971,46.8607,"Carpodacus","Fringillidae","Passeriformes","Ave"
15,"Parus caeruleus","V","Endo","chick tarsus length","survival (recruitment to the breeding population)",-0.085820888,0.20407324,"grad",232,43.6667,"Parus","Paridae","Passeriformes","Ave"
11,"Calopteryx splendens","I","Ecto","Total length","Minimum lifespan in field (a measure of survival), H_je «_Å population",-0.084062,NA,"grad",10,55.7,"Calopteryx","Calopterygidae","Odonata","Insecta"
158,"Parus major","V","Endo","tarsus length","survival to the next breeding season",-0.082,0.054,"grad",10,51.641,"Parus","Paridae","Passeriformes","Ave"
101,"Zosterops lateralis chlorocephalus","V","Endo","culmen depth","survival",-0.081,NA,"grad",-17,23.4333,"Zosterops","Zosteropidae","Passeriformes","Ave"
51,"Poecilia reticulata","V","Ecto","Body Size","survival",-0.08,NA,"grad",88,10.4606,"Poecilia","Poecilidae","Cyprinodontiformes","Actinopterygii"
75,"Salmo salar","V","Ecto","body length (immature fish)","Age-2 winter survival",-0.08,NA,"grad",124,42.4167,"Salmo","Salmonidae","Salmoniformes","Actinopterygii"
79,"Phasianus colchicus","V","Endo","bill depth","female survival",-0.08,NA,"grad",17,55.7232,"Phasianus","Phasianidae","Galliformes","Ave"
75,"Salmo salar","V","Ecto","growth (immature + mature fish)","Age-2 winter survival",-0.08,NA,"grad",124,42.4167,"Salmo","Salmonidae","Salmoniformes","Actinopterygii"
75,"Salmo salar","V","Ecto","condition factor (immature fish)","Age-1 summer survival",-0.08,NA,"grad",124,42.4167,"Salmo","Salmonidae","Salmoniformes","Actinopterygii"
11,"Calopteryx splendens","I","Ecto","Forewing width","Minimum lifespan in field (a measure of survival), H_je «_Å population",-0.07982,NA,"grad",10,55.7,"Calopteryx","Calopterygidae","Odonata","Insecta"
74,"Oncorhynchus nerka","V","Ecto","body depth","Male survival",-0.079,0.031,"grad",19,59.3217,"Oncorhynchus","Salmonidae","Salmoniformes","Actinopterygii"
144,"Carpodacus mexicanus","V","Endo","Beak Length","juvenile survival",-0.079,NA,"grad",971,46.8607,"Carpodacus","Fringillidae","Passeriformes","Ave"
11,"Calopteryx splendens","I","Ecto","Thorax length","Minimum lifespan in field (a measure of survival), H_je «_Å population",-0.077781,NA,"grad",10,55.7,"Calopteryx","Calopterygidae","Odonata","Insecta"
158,"Parus major","V","Endo","adult body mass","survival to the next breeding season",-0.075,0.064,"grad",10,51.641,"Parus","Paridae","Passeriformes","Ave"
158,"Parus major","V","Endo","tarsus length","survival to the next breeding season",-0.075,0.048,"grad",10,51.641,"Parus","Paridae","Passeriformes","Ave"
15,"Parus caeruleus","V","Endo","chick weight","survival (recruitment to the breeding population)",-0.074139966,0.16146162,"grad",593,42.55,"Parus","Paridae","Passeriformes","Ave"
144,"Carpodacus mexicanus","V","Endo","Beak Depth","juvenile survival",-0.073,NA,"grad",971,46.8607,"Carpodacus","Fringillidae","Passeriformes","Ave"
144,"Carpodacus mexicanus","V","Endo","Beak Length","juvenile survival",-0.071,NA,"grad",971,46.8607,"Carpodacus","Fringillidae","Passeriformes","Ave"
132,"Anolis sagrei","V","Ecto","Snout-vent length","survival",-0.07,0.15,"grad",-1,23.4833,"Anolis","Dactyloidae","Squamata","Reptilia"
144,"Carpodacus mexicanus","V","Endo","Beak width","juvenile survival",-0.07,NA,"grad",971,46.8607,"Carpodacus","Fringillidae","Passeriformes","Ave"
67,"Ovis aries","V","Endo","hindlimb length - adult males","survival",-0.07,0.183,"grad",121,57.814,"Ovis","Bovidae","Artiodactyla","Mammalia"
112,"Zosterops lateralis chlorocephalus","V","Endo","cull","survival",-0.07,0.09,"grad",-17,23.4333,"Zosterops","Zosteropidae","Passeriformes","Ave"
101,"Zosterops lateralis chlorocephalus","V","Endo","culmen width","survival",-0.065,NA,"grad",-17,23.4333,"Zosterops","Zosteropidae","Passeriformes","Ave"
15,"Parus caeruleus","V","Endo","chick tarsus length","survival (recruitment to the breeding population)",-0.064015778,0.34653102,"grad",232,43.6667,"Parus","Paridae","Passeriformes","Ave"
158,"Parus major","V","Endo","tarsus length","survival to the next breeding season",-0.062,0.051,"grad",-2,53.2833,"Parus","Paridae","Passeriformes","Ave"
158,"Parus major","V","Endo","tarsus length","survival to the next breeding season",-0.062,0.043,"grad",-2,53.2833,"Parus","Paridae","Passeriformes","Ave"
61,"Negaprion brevirostris","V","Ecto","condition factor","survival",-0.0610896,NA,"grad",8,25.745,"Negaprion","Carcharhinidae","Elasmobranchii","Chondrichthyes"
75,"Salmo salar","V","Ecto","body length (immature + mature fish)","Age-2 winter survival",-0.06,NA,"grad",124,42.4167,"Salmo","Salmonidae","Salmoniformes","Actinopterygii"
158,"Parus major","V","Endo","tarsus length","survival to the next breeding season",-0.06,0.056,"grad",10,51.641,"Parus","Paridae","Passeriformes","Ave"
75,"Salmo salar","V","Ecto","growth (immature fish)","Age-1 summer survival",-0.06,NA,"grad",124,42.4167,"Salmo","Salmonidae","Salmoniformes","Actinopterygii"
112,"Zosterops lateralis chlorocephalus","V","Endo","wing","survival",-0.06,0.06,"grad",-17,23.4333,"Zosterops","Zosteropidae","Passeriformes","Ave"
112,"Zosterops lateralis chlorocephalus","V","Endo","tail","survival",-0.06,0.05,"grad",-17,23.4333,"Zosterops","Zosteropidae","Passeriformes","Ave"
112,"Zosterops lateralis chlorocephalus","V","Endo","culd","survival",-0.06,0.06,"grad",-17,23.4333,"Zosterops","Zosteropidae","Passeriformes","Ave"
112,"Zosterops lateralis chlorocephalus","V","Endo","wing","survival",-0.06,0.07,"grad",-17,23.4333,"Zosterops","Zosteropidae","Passeriformes","Ave"
15,"Parus caeruleus","V","Endo","chick weight","survival (recruitment to the breeding population)",-0.059088467,0.55765381,"grad",29,42.5667,"Parus","Paridae","Passeriformes","Ave"
158,"Parus major","V","Endo","tarsus length","survival to the next breeding season",-0.059,0.064,"grad",10,51.641,"Parus","Paridae","Passeriformes","Ave"
158,"Parus major","V","Endo","tarsus length","survival to the next breeding season",-0.059,0.037,"grad",39,52.0833,"Parus","Paridae","Passeriformes","Ave"
61,"Negaprion brevirostris","V","Ecto","condition factor","survival",-0.057,NA,"grad",8,25.745,"Negaprion","Carcharhinidae","Elasmobranchii","Chondrichthyes"
158,"Parus major","V","Endo","tarsus length","survival to the next breeding season",-0.055,0.082,"grad",10,51.641,"Parus","Paridae","Passeriformes","Ave"
15,"Parus caeruleus","V","Endo","chick tarsus length","survival (recruitment to the breeding population)",-0.054535617,0.7900313,"grad",29,42.5667,"Parus","Paridae","Passeriformes","Ave"
15,"Parus caeruleus","V","Endo","chick tarsus length","survival (recruitment to the breeding population)",-0.052506671,0.16025482,"grad",232,43.6667,"Parus","Paridae","Passeriformes","Ave"
73,"Lacerta agilis","V","Ecto","Female mass","Survival rate of offspring (absolute recruitment)",-0.052,0.831,"grad",5,57.3947,"Lacerta","Laceratidae","Squamata","Reptilia"
67,"Ovis aries","V","Endo","hindlimb length - adult females","survival",-0.052,0.054,"grad",121,57.814,"Ovis","Bovidae","Artiodactyla","Mammalia"
158,"Parus major","V","Endo","tarsus length","survival to the next breeding season",-0.052,0.06,"grad",10,51.641,"Parus","Paridae","Passeriformes","Ave"
158,"Parus major","V","Endo","tarsus length","survival to the next breeding season",-0.052,0.038,"grad",39,52.0833,"Parus","Paridae","Passeriformes","Ave"
11,"Calopteryx splendens","I","Ecto","Hindwing length","Minimum lifespan in field (a measure of survival), Klingav_ls_n population",-0.051454,NA,"grad",33,55.6333,"Calopteryx","Calopterygidae","Odonata","Insecta"
67,"Ovis aries","V","Endo","hindlimb length - adult males","survival",-0.051,0.061,"grad",121,57.814,"Ovis","Bovidae","Artiodactyla","Mammalia"
101,"Zosterops lateralis chlorocephalus","V","Endo","culmen width","survival",-0.051,NA,"grad",-17,23.4333,"Zosterops","Zosteropidae","Passeriformes","Ave"
11,"Calopteryx splendens","I","Ecto","Forewing length","Minimum lifespan in field (a measure of survival), Klingav_ls_n population",-0.050664,NA,"grad",33,55.6333,"Calopteryx","Calopterygidae","Odonata","Insecta"
61,"Negaprion brevirostris","V","Ecto","body length","survival",-0.0502072,NA,"grad",8,25.745,"Negaprion","Carcharhinidae","Elasmobranchii","Chondrichthyes"
51,"Poecilia reticulata","V","Ecto","Body Size","survival",-0.05,NA,"grad",88,10.4606,"Poecilia","Poecilidae","Cyprinodontiformes","Actinopterygii"
67,"Ovis aries","V","Endo","hindlimb length - adult females","survival",-0.05,0.035,"grad",121,57.814,"Ovis","Bovidae","Artiodactyla","Mammalia"
75,"Salmo salar","V","Ecto","growth (immature + mature fish)","Age-1 summer survival",-0.05,NA,"grad",124,42.4167,"Salmo","Salmonidae","Salmoniformes","Actinopterygii"
112,"Zosterops lateralis chlorocephalus","V","Endo","tarsus","survival",-0.05,0.06,"grad",-17,23.4333,"Zosterops","Zosteropidae","Passeriformes","Ave"
112,"Zosterops lateralis chlorocephalus","V","Endo","tarsus","survival",-0.05,0.08,"grad",-17,23.4333,"Zosterops","Zosteropidae","Passeriformes","Ave"
158,"Parus major","V","Endo","adult body mass","survival to the next breeding season",-0.049,0.032,"grad",39,52.0833,"Parus","Paridae","Passeriformes","Ave"
144,"Carpodacus mexicanus","V","Endo","Beak Depth","juvenile survival",-0.049,NA,"grad",971,46.8607,"Carpodacus","Fringillidae","Passeriformes","Ave"
158,"Parus major","V","Endo","adult body mass","survival to the next breeding season",-0.048,0.036,"grad",39,52.0833,"Parus","Paridae","Passeriformes","Ave"
61,"Negaprion brevirostris","V","Ecto","body length","survival",-0.047,NA,"grad",8,25.745,"Negaprion","Carcharhinidae","Elasmobranchii","Chondrichthyes"
61,"Negaprion brevirostris","V","Ecto","condition factor","survival",-0.047,NA,"grad",8,25.745,"Negaprion","Carcharhinidae","Elasmobranchii","Chondrichthyes"
119,"Aquarius remigis","I","Ecto","thorax length","longevity",-0.046,NA,"grad",31,45.5167,"Aquarius","Gerridae","Hemiptera","Insecta"
158,"Parus major","V","Endo","adult body mass","survival to the next breeding season",-0.046,0.032,"grad",-2,53.2833,"Parus","Paridae","Passeriformes","Ave"
158,"Parus major","V","Endo","tarsus length","survival to the next breeding season",-0.044,0.032,"grad",-2,53.2833,"Parus","Paridae","Passeriformes","Ave"
15,"Parus caeruleus","V","Endo","chick tarsus length","survival (recruitment to the breeding population)",-0.04376235,0.22937654,"grad",593,42.55,"Parus","Paridae","Passeriformes","Ave"
11,"Calopteryx splendens","I","Ecto","Total length","Minimum lifespan in field (a measure of survival), H_je «_Å population",-0.04326,NA,"grad",10,55.7,"Calopteryx","Calopterygidae","Odonata","Insecta"
144,"Carpodacus mexicanus","V","Endo","Beak width","juvenile survival",-0.043,NA,"grad",971,46.8607,"Carpodacus","Fringillidae","Passeriformes","Ave"
15,"Parus caeruleus","V","Endo","chick tarsus length","survival (recruitment to the breeding population)",-0.040849391,0.33268822,"grad",593,42.55,"Parus","Paridae","Passeriformes","Ave"
158,"Parus major","V","Endo","adult body mass","survival to the next breeding season",-0.04,0.035,"grad",39,52.0833,"Parus","Paridae","Passeriformes","Ave"
158,"Parus major","V","Endo","adult body mass","survival to the next breeding season",-0.04,0.066,"grad",10,51.641,"Parus","Paridae","Passeriformes","Ave"
75,"Salmo salar","V","Ecto","condition factor (immature fish)","Age-1 winter survival",-0.04,NA,"grad",124,42.4167,"Salmo","Salmonidae","Salmoniformes","Actinopterygii"
75,"Salmo salar","V","Ecto","growth (immature fish)","Age-1 winter survival",-0.04,NA,"grad",124,42.4167,"Salmo","Salmonidae","Salmoniformes","Actinopterygii"
75,"Salmo salar","V","Ecto","growth (immature + mature fish)","Age-1 winter survival",-0.04,NA,"grad",124,42.4167,"Salmo","Salmonidae","Salmoniformes","Actinopterygii"
75,"Salmo salar","V","Ecto","growth (immature + mature fish)","Age-2 winter survival",-0.04,NA,"grad",124,42.4167,"Salmo","Salmonidae","Salmoniformes","Actinopterygii"
75,"Salmo salar","V","Ecto","condition factor (immature fish)","Age-1 summer survival",-0.04,NA,"grad",124,42.4167,"Salmo","Salmonidae","Salmoniformes","Actinopterygii"
75,"Salmo salar","V","Ecto","condition factor (immature fish)","Age-1 summer survival",-0.04,NA,"grad",124,42.4167,"Salmo","Salmonidae","Salmoniformes","Actinopterygii"
112,"Zosterops lateralis chlorocephalus","V","Endo","culd","survival",-0.04,0.05,"grad",-17,23.4333,"Zosterops","Zosteropidae","Passeriformes","Ave"
112,"Zosterops lateralis chlorocephalus","V","Endo","tail","survival",-0.04,0.08,"grad",-17,23.4333,"Zosterops","Zosteropidae","Passeriformes","Ave"
158,"Parus major","V","Endo","adult body mass","survival to the next breeding season",-0.038,0.053,"grad",10,51.641,"Parus","Paridae","Passeriformes","Ave"
158,"Parus major","V","Endo","tarsus length","survival to the next breeding season",-0.037,0.069,"grad",10,51.641,"Parus","Paridae","Passeriformes","Ave"
158,"Parus major","V","Endo","tarsus length","survival to the next breeding season",-0.037,0.053,"grad",-2,53.2833,"Parus","Paridae","Passeriformes","Ave"
67,"Ovis aries","V","Endo","body weight -  adult males","survival",-0.036,0.163,"grad",121,57.814,"Ovis","Bovidae","Artiodactyla","Mammalia"
144,"Carpodacus mexicanus","V","Endo","Beak width","juvenile survival",-0.035,NA,"grad",971,46.8607,"Carpodacus","Fringillidae","Passeriformes","Ave"
144,"Carpodacus mexicanus","V","Endo","Beak Length","juvenile survival",-0.035,NA,"grad",971,46.8607,"Carpodacus","Fringillidae","Passeriformes","Ave"
67,"Ovis aries","V","Endo","body weight - juveniles","survival",-0.034,0.07,"grad",121,57.814,"Ovis","Bovidae","Artiodactyla","Mammalia"
158,"Parus major","V","Endo","adult body mass","survival to the next breeding season",-0.034,0.045,"grad",-2,53.2833,"Parus","Paridae","Passeriformes","Ave"
61,"Negaprion brevirostris","V","Ecto","condition factor","survival",-0.033,NA,"grad",8,25.745,"Negaprion","Carcharhinidae","Elasmobranchii","Chondrichthyes"
158,"Parus major","V","Endo","tarsus length","survival to the next breeding season",-0.033,0.057,"grad",10,51.641,"Parus","Paridae","Passeriformes","Ave"
158,"Parus major","V","Endo","tarsus length","survival to the next breeding season",-0.033,0.03,"grad",39,52.0833,"Parus","Paridae","Passeriformes","Ave"
158,"Parus major","V","Endo","adult body mass","survival to the next breeding season",-0.033,0.035,"grad",-2,53.2833,"Parus","Paridae","Passeriformes","Ave"
144,"Carpodacus mexicanus","V","Endo","Beak Depth","juvenile survival",-0.032,NA,"grad",971,46.8607,"Carpodacus","Fringillidae","Passeriformes","Ave"
15,"Parus caeruleus","V","Endo","chick tarsus length","survival (recruitment to the breeding population)",-0.030436711,0.19647677,"grad",232,43.6667,"Parus","Paridae","Passeriformes","Ave"
15,"Parus caeruleus","V","Endo","chick weight","survival (recruitment to the breeding population)",-0.030305075,0.16470774,"grad",593,42.55,"Parus","Paridae","Passeriformes","Ave"
158,"Parus major","V","Endo","adult body mass","survival to the next breeding season",-0.03,0.035,"grad",39,52.0833,"Parus","Paridae","Passeriformes","Ave"
79,"Phasianus colchicus","V","Endo","weight","male survival",-0.03,NA,"grad",17,55.7232,"Phasianus","Phasianidae","Galliformes","Ave"
79,"Phasianus colchicus","V","Endo","weight","male survival",-0.03,NA,"grad",17,55.7232,"Phasianus","Phasianidae","Galliformes","Ave"
75,"Salmo salar","V","Ecto","body length (immature + mature fish)","Age-1 summer survival",-0.03,NA,"grad",124,42.4167,"Salmo","Salmonidae","Salmoniformes","Actinopterygii"
75,"Salmo salar","V","Ecto","condition factor (immature fish)","Age-1 winter survival",-0.03,NA,"grad",124,42.4167,"Salmo","Salmonidae","Salmoniformes","Actinopterygii"
75,"Salmo salar","V","Ecto","condition factor (immature + mature fish)","Age-1 winter survival",-0.03,NA,"grad",124,42.4167,"Salmo","Salmonidae","Salmoniformes","Actinopterygii"
112,"Zosterops lateralis chlorocephalus","V","Endo","wing","survival",-0.03,0.06,"grad",-17,23.4333,"Zosterops","Zosteropidae","Passeriformes","Ave"
158,"Parus major","V","Endo","adult body mass","survival to the next breeding season",-0.029,0.03,"grad",39,52.0833,"Parus","Paridae","Passeriformes","Ave"
158,"Parus major","V","Endo","tarsus length","survival to the next breeding season",-0.028,0.068,"grad",10,51.641,"Parus","Paridae","Passeriformes","Ave"
158,"Parus major","V","Endo","tarsus length","survival to the next breeding season",-0.027,0.031,"grad",-2,53.2833,"Parus","Paridae","Passeriformes","Ave"
11,"Calopteryx splendens","I","Ecto","Thorax width","Minimum lifespan in field (a measure of survival), H_je «_Å population",-0.026438,NA,"grad",10,55.7,"Calopteryx","Calopterygidae","Odonata","Insecta"
158,"Parus major","V","Endo","tarsus length","survival to the next breeding season",-0.026,0.034,"grad",-2,53.2833,"Parus","Paridae","Passeriformes","Ave"
11,"Calopteryx splendens","I","Ecto","Thorax width","Minimum lifespan in field (a measure of survival), Klingav_ls_n population",-0.025323,NA,"grad",33,55.6333,"Calopteryx","Calopterygidae","Odonata","Insecta"
158,"Parus major","V","Endo","adult body mass","survival to the next breeding season",-0.025,0.054,"grad",-2,53.2833,"Parus","Paridae","Passeriformes","Ave"
144,"Carpodacus mexicanus","V","Endo","Beak Length","juvenile survival",-0.024,NA,"grad",971,46.8607,"Carpodacus","Fringillidae","Passeriformes","Ave"
144,"Carpodacus mexicanus","V","Endo","Beak Length","juvenile survival",-0.024,NA,"grad",971,46.8607,"Carpodacus","Fringillidae","Passeriformes","Ave"
158,"Parus major","V","Endo","tarsus length","survival to the next breeding season",-0.024,0.034,"grad",39,52.0833,"Parus","Paridae","Passeriformes","Ave"
158,"Parus major","V","Endo","tarsus length","survival to the next breeding season",-0.024,0.03,"grad",-2,53.2833,"Parus","Paridae","Passeriformes","Ave"
144,"Carpodacus mexicanus","V","Endo","Beak width","juvenile survival",-0.023,NA,"grad",971,46.8607,"Carpodacus","Fringillidae","Passeriformes","Ave"
158,"Parus major","V","Endo","tarsus length","survival to the next breeding season",-0.023,0.037,"grad",39,52.0833,"Parus","Paridae","Passeriformes","Ave"
158,"Parus major","V","Endo","tarsus length","survival to the next breeding season",-0.023,0.036,"grad",39,52.0833,"Parus","Paridae","Passeriformes","Ave"
15,"Parus caeruleus","V","Endo","chick weight","survival (recruitment to the breeding population)",-0.022490144,0.23084246,"grad",232,43.6667,"Parus","Paridae","Passeriformes","Ave"
11,"Calopteryx splendens","I","Ecto","Thorax width","Minimum lifespan in field (a measure of survival), H_je «_Å population",-0.022095,NA,"grad",10,55.7,"Calopteryx","Calopterygidae","Odonata","Insecta"
67,"Ovis aries","V","Endo","body weight - adult females","survival",-0.022,0.051,"grad",121,57.814,"Ovis","Bovidae","Artiodactyla","Mammalia"
158,"Parus major","V","Endo","adult body mass","survival to the next breeding season",-0.022,0.038,"grad",39,52.0833,"Parus","Paridae","Passeriformes","Ave"
144,"Carpodacus mexicanus","V","Endo","Beak width","juvenile survival",-0.022,NA,"grad",971,46.8607,"Carpodacus","Fringillidae","Passeriformes","Ave"
158,"Parus major","V","Endo","tarsus length","survival to the next breeding season",-0.021,0.033,"grad",39,52.0833,"Parus","Paridae","Passeriformes","Ave"
158,"Parus major","V","Endo","adult body mass","survival to the next breeding season",-0.02,0.038,"grad",39,52.0833,"Parus","Paridae","Passeriformes","Ave"
158,"Parus major","V","Endo","adult body mass","survival to the next breeding season",-0.02,0.035,"grad",39,52.0833,"Parus","Paridae","Passeriformes","Ave"
144,"Carpodacus mexicanus","V","Endo","Beak width","juvenile survival",-0.02,NA,"grad",971,46.8607,"Carpodacus","Fringillidae","Passeriformes","Ave"
158,"Parus major","V","Endo","tarsus length","survival to the next breeding season",-0.02,0.06,"grad",10,51.641,"Parus","Paridae","Passeriformes","Ave"
75,"Salmo salar","V","Ecto","condition factor (immature + mature fish)","Age-2 winter survival",-0.02,NA,"grad",124,42.4167,"Salmo","Salmonidae","Salmoniformes","Actinopterygii"
75,"Salmo salar","V","Ecto","condition factor (immature + mature fish)","Age-2 winter survival",-0.02,NA,"grad",124,42.4167,"Salmo","Salmonidae","Salmoniformes","Actinopterygii"
75,"Salmo salar","V","Ecto","condition factor (immature + mature fish)","Age-1 summer survival",-0.02,NA,"grad",124,42.4167,"Salmo","Salmonidae","Salmoniformes","Actinopterygii"
75,"Salmo salar","V","Ecto","condition factor (immature + mature fish)","Age-1 summer survival",-0.02,NA,"grad",124,42.4167,"Salmo","Salmonidae","Salmoniformes","Actinopterygii"
158,"Parus major","V","Endo","adult body mass","survival to the next breeding season",-0.019,0.033,"grad",39,52.0833,"Parus","Paridae","Passeriformes","Ave"
158,"Parus major","V","Endo","tarsus length","survival to the next breeding season",-0.019,0.047,"grad",-2,53.2833,"Parus","Paridae","Passeriformes","Ave"
158,"Parus major","V","Endo","adult body mass","survival to the next breeding season",-0.018,0.041,"grad",39,52.0833,"Parus","Paridae","Passeriformes","Ave"
158,"Parus major","V","Endo","adult body mass","survival to the next breeding season",-0.017,0.035,"grad",39,52.0833,"Parus","Paridae","Passeriformes","Ave"
158,"Parus major","V","Endo","adult body mass","survival to the next breeding season",-0.017,0.07,"grad",10,51.641,"Parus","Paridae","Passeriformes","Ave"
158,"Parus major","V","Endo","adult body mass","survival to the next breeding season",-0.016,0.041,"grad",39,52.0833,"Parus","Paridae","Passeriformes","Ave"
158,"Parus major","V","Endo","adult body mass","survival to the next breeding season",-0.016,0.109,"grad",10,51.641,"Parus","Paridae","Passeriformes","Ave"
158,"Parus major","V","Endo","adult body mass","survival to the next breeding season",-0.016,0.034,"grad",-2,53.2833,"Parus","Paridae","Passeriformes","Ave"
61,"Negaprion brevirostris","V","Ecto","condition factor","survival",-0.0156816,NA,"grad",8,25.745,"Negaprion","Carcharhinidae","Elasmobranchii","Chondrichthyes"
158,"Parus major","V","Endo","adult body mass","survival to the next breeding season",-0.015,0.046,"grad",39,52.0833,"Parus","Paridae","Passeriformes","Ave"
67,"Ovis aries","V","Endo","hindlimb length - adult females","survival",-0.015,0.025,"grad",121,57.814,"Ovis","Bovidae","Artiodactyla","Mammalia"
11,"Calopteryx splendens","I","Ecto","Total length","Minimum lifespan in field (a measure of survival), Klingav_ls_n population",-0.014668,NA,"grad",33,55.6333,"Calopteryx","Calopterygidae","Odonata","Insecta"
158,"Parus major","V","Endo","adult body mass","survival to the next breeding season",-0.013,0.03,"grad",39,52.0833,"Parus","Paridae","Passeriformes","Ave"
144,"Carpodacus mexicanus","V","Endo","Beak width","juvenile survival",-0.013,NA,"grad",971,46.8607,"Carpodacus","Fringillidae","Passeriformes","Ave"
61,"Negaprion brevirostris","V","Ecto","condition factor","survival",-0.013,NA,"grad",8,25.745,"Negaprion","Carcharhinidae","Elasmobranchii","Chondrichthyes"
61,"Negaprion brevirostris","V","Ecto","condition factor","survival",-0.0126418,NA,"grad",8,25.745,"Negaprion","Carcharhinidae","Elasmobranchii","Chondrichthyes"
37,"Stegastes partitus","V","Ecto","Relative growth rate (Dk)","Longevity",-0.012,0.072,"grad",-24,23.7429,"Stegastes","Pomacentridae","Blenniformes","Actinopterygii"
158,"Parus major","V","Endo","tarsus length","survival to the next breeding season",-0.011,0.059,"grad",10,51.641,"Parus","Paridae","Passeriformes","Ave"
51,"Poecilia reticulata","V","Ecto","Body Size","survival",-0.01,NA,"grad",88,10.4606,"Poecilia","Poecilidae","Cyprinodontiformes","Actinopterygii"
51,"Poecilia reticulata","V","Ecto","Body Size","survival",-0.01,NA,"grad",88,10.4606,"Poecilia","Poecilidae","Cyprinodontiformes","Actinopterygii"
75,"Salmo salar","V","Ecto","body length (immature fish)","Age-1 winter survival",-0.01,NA,"grad",124,42.4167,"Salmo","Salmonidae","Salmoniformes","Actinopterygii"
75,"Salmo salar","V","Ecto","body length (immature + mature fish)","Age-1 winter survival",-0.01,NA,"grad",124,42.4167,"Salmo","Salmonidae","Salmoniformes","Actinopterygii"
75,"Salmo salar","V","Ecto","body length (immature fish)","Age-1 summer survival",-0.01,NA,"grad",124,42.4167,"Salmo","Salmonidae","Salmoniformes","Actinopterygii"
158,"Parus major","V","Endo","adult body mass","survival to the next breeding season",-0.01,0.057,"grad",10,51.641,"Parus","Paridae","Passeriformes","Ave"
79,"Phasianus colchicus","V","Endo","bill length","female survival",-0.01,NA,"grad",17,55.7232,"Phasianus","Phasianidae","Galliformes","Ave"
75,"Salmo salar","V","Ecto","condition factor (immature fish)","Age-1 winter survival",-0.01,NA,"grad",124,42.4167,"Salmo","Salmonidae","Salmoniformes","Actinopterygii"
75,"Salmo salar","V","Ecto","condition factor (immature + mature fish)","Age-1 winter survival",-0.01,NA,"grad",124,42.4167,"Salmo","Salmonidae","Salmoniformes","Actinopterygii"
75,"Salmo salar","V","Ecto","condition factor (immature fish)","Age-2 winter survival",-0.01,NA,"grad",124,42.4167,"Salmo","Salmonidae","Salmoniformes","Actinopterygii"
112,"Zosterops lateralis chlorocephalus","V","Endo","culd","survival",-0.01,0.08,"grad",-17,23.4333,"Zosterops","Zosteropidae","Passeriformes","Ave"
11,"Calopteryx splendens","I","Ecto","Hindwing length","Minimum lifespan in field (a measure of survival), H_je «_Å population",-0.009402,NA,"grad",10,55.7,"Calopteryx","Calopterygidae","Odonata","Insecta"
158,"Parus major","V","Endo","adult body mass","survival to the next breeding season",-0.009,0.06,"grad",10,51.641,"Parus","Paridae","Passeriformes","Ave"
61,"Negaprion brevirostris","V","Ecto","condition factor","survival",-0.0082,NA,"grad",8,25.745,"Negaprion","Carcharhinidae","Elasmobranchii","Chondrichthyes"
158,"Parus major","V","Endo","tarsus length","survival to the next breeding season",-0.008,0.03,"grad",39,52.0833,"Parus","Paridae","Passeriformes","Ave"
158,"Parus major","V","Endo","adult body mass","survival to the next breeding season",-0.008,0.033,"grad",-2,53.2833,"Parus","Paridae","Passeriformes","Ave"
158,"Parus major","V","Endo","adult body mass","survival to the next breeding season",-0.008,0.058,"grad",-2,53.2833,"Parus","Paridae","Passeriformes","Ave"
158,"Parus major","V","Endo","tarsus length","survival to the next breeding season",-0.008,0.03,"grad",-2,53.2833,"Parus","Paridae","Passeriformes","Ave"
15,"Parus caeruleus","V","Endo","chick weight","survival (recruitment to the breeding population)",-0.007643051,0.5174041,"grad",29,42.5667,"Parus","Paridae","Passeriformes","Ave"
144,"Carpodacus mexicanus","V","Endo","Beak Depth","juvenile survival",-0.006,NA,"grad",971,46.8607,"Carpodacus","Fringillidae","Passeriformes","Ave"
15,"Parus caeruleus","V","Endo","chick weight","survival (recruitment to the breeding population)",-0.005919388,0.28463277,"grad",29,42.5667,"Parus","Paridae","Passeriformes","Ave"
158,"Parus major","V","Endo","tarsus length","survival to the next breeding season",-0.005,0.032,"grad",-2,53.2833,"Parus","Paridae","Passeriformes","Ave"
11,"Calopteryx splendens","I","Ecto","Mass","Minimum lifespan in field (a measure of survival), Klingav_ls_n population",-0.004019,NA,"grad",33,55.6333,"Calopteryx","Calopterygidae","Odonata","Insecta"
158,"Parus major","V","Endo","adult body mass","survival to the next breeding season",-0.004,0.029,"grad",39,52.0833,"Parus","Paridae","Passeriformes","Ave"
158,"Parus major","V","Endo","adult body mass","survival to the next breeding season",-0.003,0.049,"grad",10,51.641,"Parus","Paridae","Passeriformes","Ave"
158,"Parus major","V","Endo","adult body mass","survival to the next breeding season",-0.003,0.049,"grad",-2,53.2833,"Parus","Paridae","Passeriformes","Ave"
158,"Parus major","V","Endo","adult body mass","survival to the next breeding season",-0.002,0.043,"grad",39,52.0833,"Parus","Paridae","Passeriformes","Ave"
158,"Parus major","V","Endo","adult body mass","survival to the next breeding season",-0.002,0.055,"grad",10,51.641,"Parus","Paridae","Passeriformes","Ave"
158,"Parus major","V","Endo","tarsus length","survival to the next breeding season",-0.002,0.073,"grad",10,51.641,"Parus","Paridae","Passeriformes","Ave"
158,"Parus major","V","Endo","tarsus length","survival to the next breeding season",-0.002,0.033,"grad",-2,53.2833,"Parus","Paridae","Passeriformes","Ave"
61,"Negaprion brevirostris","V","Ecto","growth","survival",-0.0017,NA,"grad",8,25.745,"Negaprion","Carcharhinidae","Elasmobranchii","Chondrichthyes"
75,"Salmo salar","V","Ecto","body length (immature fish)","Age-1 winter survival",0,NA,"grad",124,42.4167,"Salmo","Salmonidae","Salmoniformes","Actinopterygii"
75,"Salmo salar","V","Ecto","body length (immature + mature fish)","Age-1 winter survival",0,NA,"grad",124,42.4167,"Salmo","Salmonidae","Salmoniformes","Actinopterygii"
158,"Parus major","V","Endo","tarsus length","survival to the next breeding season",0,0.036,"grad",39,52.0833,"Parus","Paridae","Passeriformes","Ave"
158,"Parus major","V","Endo","tarsus length","survival to the next breeding season",0,0.038,"grad",-2,53.2833,"Parus","Paridae","Passeriformes","Ave"
75,"Salmo salar","V","Ecto","condition factor (immature + mature fish)","Age-1 winter survival",0,NA,"grad",124,42.4167,"Salmo","Salmonidae","Salmoniformes","Actinopterygii"
75,"Salmo salar","V","Ecto","condition factor (immature + mature fish)","Age-1 summer survival",0,NA,"grad",124,42.4167,"Salmo","Salmonidae","Salmoniformes","Actinopterygii"
75,"Salmo salar","V","Ecto","growth (immature + mature fish)","Age-1 summer survival",0,NA,"grad",124,42.4167,"Salmo","Salmonidae","Salmoniformes","Actinopterygii"
75,"Salmo salar","V","Ecto","condition factor (immature + mature fish)","Age-1 summer survival",0,NA,"grad",124,42.4167,"Salmo","Salmonidae","Salmoniformes","Actinopterygii"
158,"Parus major","V","Endo","adult body mass","survival to the next breeding season",0.001,0.036,"grad",39,52.0833,"Parus","Paridae","Passeriformes","Ave"
158,"Parus major","V","Endo","adult body mass","survival to the next breeding season",0.001,0.039,"grad",-2,53.2833,"Parus","Paridae","Passeriformes","Ave"
74,"Oncorhynchus nerka","V","Ecto","body length","Male survival",0.002,0.022,"grad",19,59.3217,"Oncorhynchus","Salmonidae","Salmoniformes","Actinopterygii"
158,"Parus major","V","Endo","adult body mass","survival to the next breeding season",0.002,0.034,"grad",39,52.0833,"Parus","Paridae","Passeriformes","Ave"
158,"Parus major","V","Endo","adult body mass","survival to the next breeding season",0.002,0.025,"grad",39,52.0833,"Parus","Paridae","Passeriformes","Ave"
158,"Parus major","V","Endo","adult body mass","survival to the next breeding season",0.003,0.042,"grad",-2,53.2833,"Parus","Paridae","Passeriformes","Ave"
158,"Parus major","V","Endo","tarsus length","survival to the next breeding season",0.004,0.059,"grad",10,51.641,"Parus","Paridae","Passeriformes","Ave"
158,"Parus major","V","Endo","adult body mass","survival to the next breeding season",0.004,0.032,"grad",-2,53.2833,"Parus","Paridae","Passeriformes","Ave"
144,"Carpodacus mexicanus","V","Endo","Beak Depth","juvenile survival",0.005,NA,"grad",971,46.8607,"Carpodacus","Fringillidae","Passeriformes","Ave"
158,"Parus major","V","Endo","tarsus length","survival to the next breeding season",0.005,0.038,"grad",-2,53.2833,"Parus","Paridae","Passeriformes","Ave"
158,"Parus major","V","Endo","adult body mass","survival to the next breeding season",0.006,0.027,"grad",39,52.0833,"Parus","Paridae","Passeriformes","Ave"
144,"Carpodacus mexicanus","V","Endo","Beak Length","juvenile survival",0.006,NA,"grad",971,46.8607,"Carpodacus","Fringillidae","Passeriformes","Ave"
144,"Carpodacus mexicanus","V","Endo","Beak width","juvenile survival",0.006,NA,"grad",971,46.8607,"Carpodacus","Fringillidae","Passeriformes","Ave"
64,"Ficedula albicollis","V","Endo","fledgling tarsus length","survival",0.006,0.103,"grad",26,57.1667,"Ficedula","Muscicapidae","Passeriformes","Ave"
158,"Parus major","V","Endo","adult body mass","survival to the next breeding season",0.007,0.038,"grad",39,52.0833,"Parus","Paridae","Passeriformes","Ave"
144,"Carpodacus mexicanus","V","Endo","Beak Depth","juvenile survival",0.007,NA,"grad",971,46.8607,"Carpodacus","Fringillidae","Passeriformes","Ave"
158,"Parus major","V","Endo","adult body mass","survival to the next breeding season",0.007,0.066,"grad",10,51.641,"Parus","Paridae","Passeriformes","Ave"
158,"Parus major","V","Endo","adult body mass","survival to the next breeding season",0.007,0.032,"grad",-2,53.2833,"Parus","Paridae","Passeriformes","Ave"
158,"Parus major","V","Endo","adult body mass","survival to the next breeding season",0.008,0.073,"grad",10,51.641,"Parus","Paridae","Passeriformes","Ave"
158,"Parus major","V","Endo","adult body mass","survival to the next breeding season",0.009,0.05,"grad",10,51.641,"Parus","Paridae","Passeriformes","Ave"
158,"Parus major","V","Endo","tarsus length","survival to the next breeding season",0.009,0.025,"grad",39,52.0833,"Parus","Paridae","Passeriformes","Ave"
51,"Poecilia reticulata","V","Ecto","Body Size","survival",0.01,NA,"grad",88,10.4606,"Poecilia","Poecilidae","Cyprinodontiformes","Actinopterygii"
75,"Salmo salar","V","Ecto","body length (immature + mature fish)","Age-1 summer survival",0.01,NA,"grad",124,42.4167,"Salmo","Salmonidae","Salmoniformes","Actinopterygii"
75,"Salmo salar","V","Ecto","body length (immature + mature fish)","Age-1 summer survival",0.01,NA,"grad",124,42.4167,"Salmo","Salmonidae","Salmoniformes","Actinopterygii"
158,"Parus major","V","Endo","adult body mass","survival to the next breeding season",0.01,0.059,"grad",10,51.641,"Parus","Paridae","Passeriformes","Ave"
158,"Parus major","V","Endo","tarsus length","survival to the next breeding season",0.01,0.035,"grad",39,52.0833,"Parus","Paridae","Passeriformes","Ave"
75,"Salmo salar","V","Ecto","growth (immature fish)","Age-1 summer survival",0.01,NA,"grad",124,42.4167,"Salmo","Salmonidae","Salmoniformes","Actinopterygii"
112,"Zosterops lateralis chlorocephalus","V","Endo","wing","survival",0.01,0.05,"grad",-17,23.4333,"Zosterops","Zosteropidae","Passeriformes","Ave"
112,"Zosterops lateralis chlorocephalus","V","Endo","tail","survival",0.01,0.06,"grad",-17,23.4333,"Zosterops","Zosteropidae","Passeriformes","Ave"
112,"Zosterops lateralis chlorocephalus","V","Endo","cull","survival",0.01,0.08,"grad",-17,23.4333,"Zosterops","Zosteropidae","Passeriformes","Ave"
11,"Calopteryx splendens","I","Ecto","Hindwing width","Minimum lifespan in field (a measure of survival), Klingav_ls_n population",0.01069,NA,"grad",33,55.6333,"Calopteryx","Calopterygidae","Odonata","Insecta"
158,"Parus major","V","Endo","adult body mass","survival to the next breeding season",0.011,0.035,"grad",-2,53.2833,"Parus","Paridae","Passeriformes","Ave"
144,"Carpodacus mexicanus","V","Endo","Beak Length","juvenile survival",0.013,NA,"grad",971,46.8607,"Carpodacus","Fringillidae","Passeriformes","Ave"
144,"Carpodacus mexicanus","V","Endo","Beak Length","juvenile survival",0.013,NA,"grad",971,46.8607,"Carpodacus","Fringillidae","Passeriformes","Ave"
158,"Parus major","V","Endo","tarsus length","survival to the next breeding season",0.013,0.041,"grad",39,52.0833,"Parus","Paridae","Passeriformes","Ave"
144,"Carpodacus mexicanus","V","Endo","Beak width","juvenile survival",0.014,NA,"grad",971,46.8607,"Carpodacus","Fringillidae","Passeriformes","Ave"
64,"Ficedula albicollis","V","Endo","fledgling body condition","survival",0.014,0.103,"grad",26,57.1667,"Ficedula","Muscicapidae","Passeriformes","Ave"
36,"Parus major","V","Endo","Egg weight","Viability",0.014,0.033,"grad",113,51.7773,"Parus","Paridae","Passeriformes","Ave"
158,"Parus major","V","Endo","adult body mass","survival to the next breeding season",0.015,0.036,"grad",-2,53.2833,"Parus","Paridae","Passeriformes","Ave"
158,"Parus major","V","Endo","tarsus length","survival to the next breeding season",0.015,0.034,"grad",-2,53.2833,"Parus","Paridae","Passeriformes","Ave"
93,"Psilocorsis quercicella","I","Ecto","pupal mass","Survival - adult mortality, 1st generation",0.016,0.008,"grad",184,39.0369,"Psilocorsis","Depressariidae","Lepidoptera","Insecta"
158,"Parus major","V","Endo","tarsus length","survival to the next breeding season",0.016,0.029,"grad",39,52.0833,"Parus","Paridae","Passeriformes","Ave"
101,"Zosterops lateralis chlorocephalus","V","Endo","culmen length","survival",0.016,NA,"grad",-17,23.4333,"Zosterops","Zosteropidae","Passeriformes","Ave"
11,"Calopteryx splendens","I","Ecto","Hindwing length","Minimum lifespan in field (a measure of survival), Klingav_ls_n population",0.016414,NA,"grad",33,55.6333,"Calopteryx","Calopterygidae","Odonata","Insecta"
158,"Parus major","V","Endo","adult body mass","survival to the next breeding season",0.017,0.037,"grad",39,52.0833,"Parus","Paridae","Passeriformes","Ave"
67,"Ovis aries","V","Endo","hindlimb length - adult females","survival",0.017,0.071,"grad",121,57.814,"Ovis","Bovidae","Artiodactyla","Mammalia"
158,"Parus major","V","Endo","adult body mass","survival to the next breeding season",0.017,0.035,"grad",-2,53.2833,"Parus","Paridae","Passeriformes","Ave"
144,"Carpodacus mexicanus","V","Endo","Beak width","juvenile survival",0.018,NA,"grad",971,46.8607,"Carpodacus","Fringillidae","Passeriformes","Ave"
158,"Parus major","V","Endo","tarsus length","survival to the next breeding season",0.018,0.032,"grad",-2,53.2833,"Parus","Paridae","Passeriformes","Ave"
144,"Carpodacus mexicanus","V","Endo","Beak width","juvenile survival",0.019,NA,"grad",971,46.8607,"Carpodacus","Fringillidae","Passeriformes","Ave"
67,"Ovis aries","V","Endo","hindlimb length - adult females","survival",0.019,0.05,"grad",121,57.814,"Ovis","Bovidae","Artiodactyla","Mammalia"
51,"Poecilia reticulata","V","Ecto","Body Size","survival",0.02,NA,"grad",88,10.4606,"Poecilia","Poecilidae","Cyprinodontiformes","Actinopterygii"
75,"Salmo salar","V","Ecto","body length (immature fish)","Age-1 summer survival",0.02,NA,"grad",124,42.4167,"Salmo","Salmonidae","Salmoniformes","Actinopterygii"
158,"Parus major","V","Endo","tarsus length","survival to the next breeding season",0.02,0.036,"grad",39,52.0833,"Parus","Paridae","Passeriformes","Ave"
79,"Phasianus colchicus","V","Endo","wing length","male survival",0.02,NA,"grad",17,55.7232,"Phasianus","Phasianidae","Galliformes","Ave"
112,"Zosterops lateralis chlorocephalus","V","Endo","culd","survival",0.02,0.07,"grad",-17,23.4333,"Zosterops","Zosteropidae","Passeriformes","Ave"
67,"Ovis aries","V","Endo","body weight -  adult males","survival",0.021,0.058,"grad",121,57.814,"Ovis","Bovidae","Artiodactyla","Mammalia"
158,"Parus major","V","Endo","adult body mass","survival to the next breeding season",0.021,0.07,"grad",10,51.641,"Parus","Paridae","Passeriformes","Ave"
158,"Parus major","V","Endo","tarsus length","survival to the next breeding season",0.021,0.029,"grad",39,52.0833,"Parus","Paridae","Passeriformes","Ave"
158,"Parus major","V","Endo","tarsus length","survival to the next breeding season",0.021,0.04,"grad",39,52.0833,"Parus","Paridae","Passeriformes","Ave"
67,"Ovis aries","V","Endo","hindlimb length - adult males","survival",0.022,0.159,"grad",121,57.814,"Ovis","Bovidae","Artiodactyla","Mammalia"
158,"Parus major","V","Endo","tarsus length","survival to the next breeding season",0.022,0.059,"grad",10,51.641,"Parus","Paridae","Passeriformes","Ave"
158,"Parus major","V","Endo","adult body mass","survival to the next breeding season",0.023,0.03,"grad",39,52.0833,"Parus","Paridae","Passeriformes","Ave"
144,"Carpodacus mexicanus","V","Endo","Beak Length","juvenile survival",0.023,NA,"grad",971,46.8607,"Carpodacus","Fringillidae","Passeriformes","Ave"
158,"Parus major","V","Endo","adult body mass","survival to the next breeding season",0.024,0.035,"grad",39,52.0833,"Parus","Paridae","Passeriformes","Ave"
67,"Ovis aries","V","Endo","hindlimb length - adult females","survival",0.024,0.019,"grad",121,57.814,"Ovis","Bovidae","Artiodactyla","Mammalia"
158,"Parus major","V","Endo","adult body mass","survival to the next breeding season",0.024,0.056,"grad",10,51.641,"Parus","Paridae","Passeriformes","Ave"
158,"Parus major","V","Endo","tarsus length","survival to the next breeding season",0.024,0.051,"grad",10,51.641,"Parus","Paridae","Passeriformes","Ave"
158,"Parus major","V","Endo","adult body mass","survival to the next breeding season",0.025,0.035,"grad",-2,53.2833,"Parus","Paridae","Passeriformes","Ave"
158,"Parus major","V","Endo","adult body mass","survival to the next breeding season",0.027,0.061,"grad",10,51.641,"Parus","Paridae","Passeriformes","Ave"
158,"Parus major","V","Endo","tarsus length","survival to the next breeding season",0.027,0.038,"grad",-2,53.2833,"Parus","Paridae","Passeriformes","Ave"
61,"Negaprion brevirostris","V","Ecto","body length","survival",0.029,NA,"grad",8,25.745,"Negaprion","Carcharhinidae","Elasmobranchii","Chondrichthyes"
67,"Ovis aries","V","Endo","body weight - adult females","survival",0.029,0.017,"grad",121,57.814,"Ovis","Bovidae","Artiodactyla","Mammalia"
11,"Calopteryx splendens","I","Ecto","Thorax width","Minimum lifespan in field (a measure of survival), Klingav_ls_n population",0.029132,NA,"grad",33,55.6333,"Calopteryx","Calopterygidae","Odonata","Insecta"
11,"Calopteryx splendens","I","Ecto","Abdomen length","Minimum lifespan in field (a measure of survival), Klingav_ls_n population",0.029684,NA,"grad",33,55.6333,"Calopteryx","Calopterygidae","Odonata","Insecta"
75,"Salmo salar","V","Ecto","body length (immature fish)","Age-1 winter survival",0.03,NA,"grad",124,42.4167,"Salmo","Salmonidae","Salmoniformes","Actinopterygii"
75,"Salmo salar","V","Ecto","body length (immature + mature fish)","Age-1 winter survival",0.03,NA,"grad",124,42.4167,"Salmo","Salmonidae","Salmoniformes","Actinopterygii"
132,"Anolis sagrei","V","Ecto","hindlimb length","survival",0.03,0.015,"grad",-1,23.4833,"Anolis","Dactyloidae","Squamata","Reptilia"
79,"Phasianus colchicus","V","Endo","bill length","female survival",0.03,NA,"grad",17,55.7232,"Phasianus","Phasianidae","Galliformes","Ave"
79,"Phasianus colchicus","V","Endo","wing length","female survival",0.03,NA,"grad",17,55.7232,"Phasianus","Phasianidae","Galliformes","Ave"
112,"Zosterops lateralis chlorocephalus","V","Endo","tarsus","survival",0.03,0.07,"grad",-17,23.4333,"Zosterops","Zosteropidae","Passeriformes","Ave"
112,"Zosterops lateralis chlorocephalus","V","Endo","wing","survival",0.03,0.07,"grad",-17,23.4333,"Zosterops","Zosteropidae","Passeriformes","Ave"
144,"Carpodacus mexicanus","V","Endo","Beak Length","juvenile survival",0.031,NA,"grad",971,46.8607,"Carpodacus","Fringillidae","Passeriformes","Ave"
158,"Parus major","V","Endo","adult body mass","survival to the next breeding season",0.031,0.054,"grad",10,51.641,"Parus","Paridae","Passeriformes","Ave"
158,"Parus major","V","Endo","adult body mass","survival to the next breeding season",0.031,0.061,"grad",10,51.641,"Parus","Paridae","Passeriformes","Ave"
11,"Calopteryx splendens","I","Ecto","Abdomen length","Minimum lifespan in field (a measure of survival), H_je «_Å population",0.031032,NA,"grad",10,55.7,"Calopteryx","Calopterygidae","Odonata","Insecta"
158,"Parus major","V","Endo","tarsus length","survival to the next breeding season",0.032,0.036,"grad",39,52.0833,"Parus","Paridae","Passeriformes","Ave"
158,"Parus major","V","Endo","adult body mass","survival to the next breeding season",0.033,0.025,"grad",39,52.0833,"Parus","Paridae","Passeriformes","Ave"
61,"Negaprion brevirostris","V","Ecto","body length","survival",0.0338474,NA,"grad",8,25.745,"Negaprion","Carcharhinidae","Elasmobranchii","Chondrichthyes"
144,"Carpodacus mexicanus","V","Endo","Beak Length","juvenile survival",0.034,NA,"grad",971,46.8607,"Carpodacus","Fringillidae","Passeriformes","Ave"
158,"Parus major","V","Endo","adult body mass","survival to the next breeding season",0.035,0.036,"grad",39,52.0833,"Parus","Paridae","Passeriformes","Ave"
144,"Carpodacus mexicanus","V","Endo","Beak width","juvenile survival",0.035,NA,"grad",971,46.8607,"Carpodacus","Fringillidae","Passeriformes","Ave"
158,"Parus major","V","Endo","adult body mass","survival to the next breeding season",0.035,0.06,"grad",10,51.641,"Parus","Paridae","Passeriformes","Ave"
158,"Parus major","V","Endo","tarsus length","survival to the next breeding season",0.035,0.038,"grad",39,52.0833,"Parus","Paridae","Passeriformes","Ave"
158,"Parus major","V","Endo","adult body mass","survival to the next breeding season",0.036,0.041,"grad",39,52.0833,"Parus","Paridae","Passeriformes","Ave"
158,"Parus major","V","Endo","adult body mass","survival to the next breeding season",0.036,0.031,"grad",-2,53.2833,"Parus","Paridae","Passeriformes","Ave"
158,"Parus major","V","Endo","tarsus length","survival to the next breeding season",0.036,0.032,"grad",-2,53.2833,"Parus","Paridae","Passeriformes","Ave"
15,"Parus caeruleus","V","Endo","chick tarsus length","survival (recruitment to the breeding population)",0.037727526,0.19937037,"grad",593,42.55,"Parus","Paridae","Passeriformes","Ave"
158,"Parus major","V","Endo","tarsus length","survival to the next breeding season",0.038,0.026,"grad",39,52.0833,"Parus","Paridae","Passeriformes","Ave"
158,"Parus major","V","Endo","tarsus length","survival to the next breeding season",0.038,0.035,"grad",-2,53.2833,"Parus","Paridae","Passeriformes","Ave"
83,"Ovis aries","V","Endo","birth weight","neonatal survival",0.0384,0.0191,"grad",121,57.814,"Ovis","Bovidae","Artiodactyla","Mammalia"
11,"Calopteryx splendens","I","Ecto","Mass","Minimum lifespan in field (a measure of survival), Klingav_ls_n population",0.039124,NA,"grad",33,55.6333,"Calopteryx","Calopterygidae","Odonata","Insecta"
61,"Negaprion brevirostris","V","Ecto","body length","survival",0.04,NA,"grad",8,25.745,"Negaprion","Carcharhinidae","Elasmobranchii","Chondrichthyes"
132,"Anolis sagrei","V","Ecto","forlimb length","survival",0.04,0.12,"grad",-1,23.4833,"Anolis","Dactyloidae","Squamata","Reptilia"
158,"Parus major","V","Endo","adult body mass","survival to the next breeding season",0.04,0.038,"grad",-2,53.2833,"Parus","Paridae","Passeriformes","Ave"
75,"Salmo salar","V","Ecto","growth (immature fish)","Age-2 winter survival",0.04,NA,"grad",124,42.4167,"Salmo","Salmonidae","Salmoniformes","Actinopterygii"
64,"Ficedula albicollis","V","Endo","fledgling body condition","survival",0.041,0.09,"grad",26,57.1667,"Ficedula","Muscicapidae","Passeriformes","Ave"
144,"Carpodacus mexicanus","V","Endo","Beak Depth","juvenile survival",0.042,NA,"grad",971,46.8607,"Carpodacus","Fringillidae","Passeriformes","Ave"
144,"Carpodacus mexicanus","V","Endo","Beak Length","juvenile survival",0.043,NA,"grad",971,46.8607,"Carpodacus","Fringillidae","Passeriformes","Ave"
158,"Parus major","V","Endo","tarsus length","survival to the next breeding season",0.043,0.055,"grad",10,51.641,"Parus","Paridae","Passeriformes","Ave"
158,"Parus major","V","Endo","tarsus length","survival to the next breeding season",0.043,0.052,"grad",10,51.641,"Parus","Paridae","Passeriformes","Ave"
83,"Ovis aries","V","Endo","birth weight","neonatal survival",0.0434,0.0181,"grad",121,57.814,"Ovis","Bovidae","Artiodactyla","Mammalia"
61,"Negaprion brevirostris","V","Ecto","growth","survival",0.043956,NA,"grad",8,25.745,"Negaprion","Carcharhinidae","Elasmobranchii","Chondrichthyes"
93,"Psilocorsis quercicella","I","Ecto","pupal mass","Survival - adult mortality, 1st generation",0.044,0.01,"grad",184,39.0369,"Psilocorsis","Depressariidae","Lepidoptera","Insecta"
158,"Parus major","V","Endo","tarsus length","survival to the next breeding season",0.045,0.031,"grad",-2,53.2833,"Parus","Paridae","Passeriformes","Ave"
158,"Parus major","V","Endo","adult body mass","survival to the next breeding season",0.046,0.028,"grad",39,52.0833,"Parus","Paridae","Passeriformes","Ave"
158,"Parus major","V","Endo","tarsus length","survival to the next breeding season",0.046,0.116,"grad",10,51.641,"Parus","Paridae","Passeriformes","Ave"
11,"Calopteryx splendens","I","Ecto","Thorax length","Minimum lifespan in field (a measure of survival), Klingav_ls_n population",0.046468,NA,"grad",33,55.6333,"Calopteryx","Calopterygidae","Odonata","Insecta"
158,"Parus major","V","Endo","tarsus length","survival to the next breeding season",0.047,0.03,"grad",-2,53.2833,"Parus","Paridae","Passeriformes","Ave"
11,"Calopteryx splendens","I","Ecto","Thorax length","Minimum lifespan in field (a measure of survival), H_je «_Å population",0.047668,NA,"grad",10,55.7,"Calopteryx","Calopterygidae","Odonata","Insecta"
158,"Parus major","V","Endo","tarsus length","survival to the next breeding season",0.048,0.027,"grad",39,52.0833,"Parus","Paridae","Passeriformes","Ave"
158,"Parus major","V","Endo","adult body mass","survival to the next breeding season",0.048,0.035,"grad",-2,53.2833,"Parus","Paridae","Passeriformes","Ave"
144,"Carpodacus mexicanus","V","Endo","Beak width","juvenile survival",0.049,NA,"grad",971,46.8607,"Carpodacus","Fringillidae","Passeriformes","Ave"
158,"Parus major","V","Endo","adult body mass","survival to the next breeding season",0.049,0.038,"grad",-2,53.2833,"Parus","Paridae","Passeriformes","Ave"
61,"Negaprion brevirostris","V","Ecto","condition factor","survival",0.0490539,NA,"grad",8,25.745,"Negaprion","Carcharhinidae","Elasmobranchii","Chondrichthyes"
75,"Salmo salar","V","Ecto","body length (immature fish)","Age-1 summer survival",0.05,NA,"grad",124,42.4167,"Salmo","Salmonidae","Salmoniformes","Actinopterygii"
158,"Parus major","V","Endo","tarsus length","survival to the next breeding season",0.05,0.025,"grad",39,52.0833,"Parus","Paridae","Passeriformes","Ave"
75,"Salmo salar","V","Ecto","growth (immature fish)","Age-1 winter survival",0.05,NA,"grad",124,42.4167,"Salmo","Salmonidae","Salmoniformes","Actinopterygii"
158,"Parus major","V","Endo","adult body mass","survival to the next breeding season",0.051,0.053,"grad",10,51.641,"Parus","Paridae","Passeriformes","Ave"
158,"Parus major","V","Endo","tarsus length","survival to the next breeding season",0.051,0.053,"grad",10,51.641,"Parus","Paridae","Passeriformes","Ave"
158,"Parus major","V","Endo","tarsus length","survival to the next breeding season",0.051,0.047,"grad",-2,53.2833,"Parus","Paridae","Passeriformes","Ave"
61,"Negaprion brevirostris","V","Ecto","condition factor","survival",0.0512,NA,"grad",8,25.745,"Negaprion","Carcharhinidae","Elasmobranchii","Chondrichthyes"
158,"Parus major","V","Endo","adult body mass","survival to the next breeding season",0.054,0.03,"grad",-2,53.2833,"Parus","Paridae","Passeriformes","Ave"
158,"Parus major","V","Endo","tarsus length","survival to the next breeding season",0.055,0.035,"grad",39,52.0833,"Parus","Paridae","Passeriformes","Ave"
158,"Parus major","V","Endo","tarsus length","survival to the next breeding season",0.055,0.042,"grad",-2,53.2833,"Parus","Paridae","Passeriformes","Ave"
93,"Psilocorsis quercicella","I","Ecto","pupal mass","Survival - adult mortality, 2nd generation",0.056,0.096,"grad",184,39.0369,"Psilocorsis","Depressariidae","Lepidoptera","Insecta"
144,"Carpodacus mexicanus","V","Endo","Beak Depth","juvenile survival",0.056,NA,"grad",971,46.8607,"Carpodacus","Fringillidae","Passeriformes","Ave"
158,"Parus major","V","Endo","adult body mass","survival to the next breeding season",0.056,0.032,"grad",-2,53.2833,"Parus","Paridae","Passeriformes","Ave"
11,"Calopteryx splendens","I","Ecto","Thorax length","Minimum lifespan in field (a measure of survival), Klingav_ls_n population",0.056529,NA,"grad",33,55.6333,"Calopteryx","Calopterygidae","Odonata","Insecta"
15,"Parus caeruleus","V","Endo","chick tarsus length","survival (recruitment to the breeding population)",0.056992962,0.10848723,"grad",593,42.55,"Parus","Paridae","Passeriformes","Ave"
158,"Parus major","V","Endo","adult body mass","survival to the next breeding season",0.057,0.06,"grad",10,51.641,"Parus","Paridae","Passeriformes","Ave"
51,"Poecilia reticulata","V","Ecto","Body Size","survival",0.06,NA,"grad",88,10.4606,"Poecilia","Poecilidae","Cyprinodontiformes","Actinopterygii"
64,"Ficedula albicollis","V","Endo","fledgling tarsus length","survival",0.06,0.071,"grad",26,57.1667,"Ficedula","Muscicapidae","Passeriformes","Ave"
158,"Parus major","V","Endo","adult body mass","survival to the next breeding season",0.06,0.031,"grad",-2,53.2833,"Parus","Paridae","Passeriformes","Ave"
79,"Phasianus colchicus","V","Endo","tarsus length","male survival",0.06,NA,"grad",17,55.7232,"Phasianus","Phasianidae","Galliformes","Ave"
112,"Zosterops lateralis chlorocephalus","V","Endo","cull","survival",0.06,0.06,"grad",-17,23.4333,"Zosterops","Zosteropidae","Passeriformes","Ave"
112,"Zosterops lateralis chlorocephalus","V","Endo","culw","survival",0.06,0.06,"grad",-17,23.4333,"Zosterops","Zosteropidae","Passeriformes","Ave"
112,"Zosterops lateralis chlorocephalus","V","Endo","culd","survival",0.06,0.08,"grad",-17,23.4333,"Zosterops","Zosteropidae","Passeriformes","Ave"
74,"Oncorhynchus nerka","V","Ecto","body depth","Male survival",0.061,0.022,"grad",19,59.3217,"Oncorhynchus","Salmonidae","Salmoniformes","Actinopterygii"
158,"Parus major","V","Endo","adult body mass","survival to the next breeding season",0.062,0.084,"grad",10,51.641,"Parus","Paridae","Passeriformes","Ave"
15,"Parus caeruleus","V","Endo","chick tarsus length","survival (recruitment to the breeding population)",0.062463034,0.17362483,"grad",232,43.6667,"Parus","Paridae","Passeriformes","Ave"
37,"Stegastes partitus","V","Ecto","Asymptotic body size (Tlmax)","Longevity",0.063,0.052,"grad",0,23.6725,"Stegastes","Pomacentridae","Blenniformes","Actinopterygii"
158,"Parus major","V","Endo","tarsus length","survival to the next breeding season",0.064,0.06,"grad",10,51.641,"Parus","Paridae","Passeriformes","Ave"
119,"Aquarius remigis","I","Ecto","abdomen length","longevity",0.065,NA,"grad",31,45.5167,"Aquarius","Gerridae","Hemiptera","Insecta"
158,"Parus major","V","Endo","adult body mass","survival to the next breeding season",0.065,0.05,"grad",-2,53.2833,"Parus","Paridae","Passeriformes","Ave"
158,"Parus major","V","Endo","tarsus length","survival to the next breeding season",0.065,0.05,"grad",-2,53.2833,"Parus","Paridae","Passeriformes","Ave"
158,"Parus major","V","Endo","tarsus length","survival to the next breeding season",0.065,0.034,"grad",-2,53.2833,"Parus","Paridae","Passeriformes","Ave"
15,"Parus caeruleus","V","Endo","chick weight","survival (recruitment to the breeding population)",0.065809118,0.43330832,"grad",232,43.6667,"Parus","Paridae","Passeriformes","Ave"
158,"Parus major","V","Endo","tarsus length","survival to the next breeding season",0.066,0.036,"grad",-2,53.2833,"Parus","Paridae","Passeriformes","Ave"
67,"Ovis aries","V","Endo","hindlimb length - adult males","survival",0.067,0.128,"grad",121,57.814,"Ovis","Bovidae","Artiodactyla","Mammalia"
158,"Parus major","V","Endo","adult body mass","survival to the next breeding season",0.069,0.057,"grad",10,51.641,"Parus","Paridae","Passeriformes","Ave"
158,"Parus major","V","Endo","tarsus length","survival to the next breeding season",0.069,0.035,"grad",39,52.0833,"Parus","Paridae","Passeriformes","Ave"
79,"Phasianus colchicus","V","Endo","bill width","female survival",0.07,NA,"grad",17,55.7232,"Phasianus","Phasianidae","Galliformes","Ave"
75,"Salmo salar","V","Ecto","growth (immature + mature fish)","Age-1 winter survival",0.07,NA,"grad",124,42.4167,"Salmo","Salmonidae","Salmoniformes","Actinopterygii"
75,"Salmo salar","V","Ecto","growth (immature + mature fish)","Age-1 summer survival",0.07,NA,"grad",124,42.4167,"Salmo","Salmonidae","Salmoniformes","Actinopterygii"
112,"Zosterops lateralis chlorocephalus","V","Endo","tail","survival",0.07,0.06,"grad",-17,23.4333,"Zosterops","Zosteropidae","Passeriformes","Ave"
112,"Zosterops lateralis chlorocephalus","V","Endo","culw","survival",0.07,0.06,"grad",-17,23.4333,"Zosterops","Zosteropidae","Passeriformes","Ave"
158,"Parus major","V","Endo","tarsus length","survival to the next breeding season",0.071,0.041,"grad",39,52.0833,"Parus","Paridae","Passeriformes","Ave"
158,"Parus major","V","Endo","adult body mass","survival to the next breeding season",0.071,0.043,"grad",-2,53.2833,"Parus","Paridae","Passeriformes","Ave"
61,"Negaprion brevirostris","V","Ecto","body length","survival",0.073,NA,"grad",8,25.745,"Negaprion","Carcharhinidae","Elasmobranchii","Chondrichthyes"
83,"Ovis aries","V","Endo","birth weight","neonatal survival",0.0733,0.0292,"grad",121,57.814,"Ovis","Bovidae","Artiodactyla","Mammalia"
158,"Parus major","V","Endo","adult body mass","survival to the next breeding season",0.074,0.036,"grad",39,52.0833,"Parus","Paridae","Passeriformes","Ave"
67,"Ovis aries","V","Endo","body weight - adult females","survival",0.075,0.026,"grad",121,57.814,"Ovis","Bovidae","Artiodactyla","Mammalia"
61,"Negaprion brevirostris","V","Ecto","condition factor","survival",0.075477,NA,"grad",8,25.745,"Negaprion","Carcharhinidae","Elasmobranchii","Chondrichthyes"
158,"Parus major","V","Endo","tarsus length","survival to the next breeding season",0.076,0.041,"grad",-2,53.2833,"Parus","Paridae","Passeriformes","Ave"
11,"Calopteryx splendens","I","Ecto","Forewing length","Minimum lifespan in field (a measure of survival), H_je «_Å population",0.076229,NA,"grad",10,55.7,"Calopteryx","Calopterygidae","Odonata","Insecta"
83,"Ovis aries","V","Endo","birth weight","neonatal survival",0.0765,0.0308,"grad",121,57.814,"Ovis","Bovidae","Artiodactyla","Mammalia"
11,"Calopteryx splendens","I","Ecto","Hindwing width","Minimum lifespan in field (a measure of survival), H_je «_Å population",0.077862,NA,"grad",10,55.7,"Calopteryx","Calopterygidae","Odonata","Insecta"
144,"Carpodacus mexicanus","V","Endo","Beak Depth","juvenile survival",0.078,NA,"grad",971,46.8607,"Carpodacus","Fringillidae","Passeriformes","Ave"
36,"Parus major","V","Endo","Egg weight","Viability",0.078,0.042,"grad",113,51.7773,"Parus","Paridae","Passeriformes","Ave"
158,"Parus major","V","Endo","tarsus length","survival to the next breeding season",0.079,0.076,"grad",10,51.641,"Parus","Paridae","Passeriformes","Ave"
112,"Zosterops lateralis chlorocephalus","V","Endo","tarsus","survival",0.08,0.09,"grad",-17,23.4333,"Zosterops","Zosteropidae","Passeriformes","Ave"
112,"Zosterops lateralis chlorocephalus","V","Endo","tail","survival",0.08,0.07,"grad",-17,23.4333,"Zosterops","Zosteropidae","Passeriformes","Ave"
158,"Parus major","V","Endo","adult body mass","survival to the next breeding season",0.082,0.056,"grad",10,51.641,"Parus","Paridae","Passeriformes","Ave"
158,"Parus major","V","Endo","adult body mass","survival to the next breeding season",0.084,0.039,"grad",-2,53.2833,"Parus","Paridae","Passeriformes","Ave"
15,"Parus caeruleus","V","Endo","chick weight","survival (recruitment to the breeding population)",0.085026117,0.32691836,"grad",593,42.55,"Parus","Paridae","Passeriformes","Ave"
158,"Parus major","V","Endo","adult body mass","survival to the next breeding season",0.087,0.031,"grad",-2,53.2833,"Parus","Paridae","Passeriformes","Ave"
75,"Salmo salar","V","Ecto","body length (immature + mature fish)","Age-1 summer survival",0.09,NA,"grad",124,42.4167,"Salmo","Salmonidae","Salmoniformes","Actinopterygii"
112,"Zosterops lateralis chlorocephalus","V","Endo","culw","survival",0.09,0.08,"grad",-17,23.4333,"Zosterops","Zosteropidae","Passeriformes","Ave"
61,"Negaprion brevirostris","V","Ecto","condition factor","survival",0.09078,NA,"grad",8,25.745,"Negaprion","Carcharhinidae","Elasmobranchii","Chondrichthyes"
67,"Ovis aries","V","Endo","body weight - adult females","survival",0.091,0.047,"grad",121,57.814,"Ovis","Bovidae","Artiodactyla","Mammalia"
158,"Parus major","V","Endo","tarsus length","survival to the next breeding season",0.091,0.035,"grad",-2,53.2833,"Parus","Paridae","Passeriformes","Ave"
158,"Parus major","V","Endo","adult body mass","survival to the next breeding season",0.092,0.035,"grad",-2,53.2833,"Parus","Paridae","Passeriformes","Ave"
64,"Ficedula albicollis","V","Endo","fledgling tarsus length","survival",0.093,0.072,"grad",26,57.1667,"Ficedula","Muscicapidae","Passeriformes","Ave"
11,"Calopteryx splendens","I","Ecto","Forewing length","Minimum lifespan in field (a measure of survival), H_je «_Å population",0.097836,NA,"grad",10,55.7,"Calopteryx","Calopterygidae","Odonata","Insecta"
144,"Carpodacus mexicanus","V","Endo","Beak Depth","juvenile survival",0.099,NA,"grad",971,46.8607,"Carpodacus","Fringillidae","Passeriformes","Ave"
61,"Negaprion brevirostris","V","Ecto","condition factor","survival",0.099,NA,"grad",8,25.745,"Negaprion","Carcharhinidae","Elasmobranchii","Chondrichthyes"
51,"Poecilia reticulata","V","Ecto","Body Size","survival",0.1,NA,"grad",88,10.4606,"Poecilia","Poecilidae","Cyprinodontiformes","Actinopterygii"
75,"Salmo salar","V","Ecto","growth (immature fish)","Age-2 winter survival",0.1,NA,"grad",124,42.4167,"Salmo","Salmonidae","Salmoniformes","Actinopterygii"
144,"Carpodacus mexicanus","V","Endo","Beak Length","juvenile survival",0.102,NA,"grad",971,46.8607,"Carpodacus","Fringillidae","Passeriformes","Ave"
11,"Calopteryx splendens","I","Ecto","Abdomen length","Minimum lifespan in field (a measure of survival), Klingav_ls_n population",0.102519,NA,"grad",33,55.6333,"Calopteryx","Calopterygidae","Odonata","Insecta"
158,"Parus major","V","Endo","adult body mass","survival to the next breeding season",0.104,0.056,"grad",10,51.641,"Parus","Paridae","Passeriformes","Ave"
64,"Ficedula albicollis","V","Endo","fledgling tarsus length","survival",0.106,0.066,"grad",26,57.1667,"Ficedula","Muscicapidae","Passeriformes","Ave"
61,"Negaprion brevirostris","V","Ecto","growth","survival",0.106743,NA,"grad",8,25.745,"Negaprion","Carcharhinidae","Elasmobranchii","Chondrichthyes"
144,"Carpodacus mexicanus","V","Endo","Beak Depth","juvenile survival",0.109,NA,"grad",971,46.8607,"Carpodacus","Fringillidae","Passeriformes","Ave"
64,"Ficedula albicollis","V","Endo","fledgling body condition","survival",0.109,0.187,"grad",26,57.1667,"Ficedula","Muscicapidae","Passeriformes","Ave"
83,"Ovis aries","V","Endo","birth weight","neonatal survival",0.1093,0.0233,"grad",121,57.814,"Ovis","Bovidae","Artiodactyla","Mammalia"
11,"Calopteryx splendens","I","Ecto","Abdomen length","Minimum lifespan in field (a measure of survival), H_je «_Å population",0.109458,NA,"grad",10,55.7,"Calopteryx","Calopterygidae","Odonata","Insecta"
64,"Ficedula albicollis","V","Endo","fledgling body condition","survival",0.11,0.078,"grad",26,57.1667,"Ficedula","Muscicapidae","Passeriformes","Ave"
61,"Negaprion brevirostris","V","Ecto","condition factor","survival",0.11,NA,"grad",8,25.745,"Negaprion","Carcharhinidae","Elasmobranchii","Chondrichthyes"
61,"Negaprion brevirostris","V","Ecto","condition factor","survival",0.11,NA,"grad",8,25.745,"Negaprion","Carcharhinidae","Elasmobranchii","Chondrichthyes"
112,"Zosterops lateralis chlorocephalus","V","Endo","tail","survival",0.11,0.1,"grad",-17,23.4333,"Zosterops","Zosteropidae","Passeriformes","Ave"
112,"Zosterops lateralis chlorocephalus","V","Endo","culw","survival",0.11,0.11,"grad",-17,23.4333,"Zosterops","Zosteropidae","Passeriformes","Ave"
73,"Lacerta agilis","V","Ecto","Female mass","Survival rate of offspring (proportion)",0.111,0.507,"grad",5,57.3947,"Lacerta","Laceratidae","Squamata","Reptilia"
67,"Ovis aries","V","Endo","body weight - adult females","survival",0.114,0.037,"grad",121,57.814,"Ovis","Bovidae","Artiodactyla","Mammalia"
158,"Parus major","V","Endo","tarsus length","survival to the next breeding season",0.114,0.032,"grad",-2,53.2833,"Parus","Paridae","Passeriformes","Ave"
15,"Parus caeruleus","V","Endo","chick tarsus length","survival (recruitment to the breeding population)",0.114321351,0.17369939,"grad",593,42.55,"Parus","Paridae","Passeriformes","Ave"
11,"Calopteryx splendens","I","Ecto","Abdomen length","Minimum lifespan in field (a measure of survival), Klingav_ls_n population",0.116754,NA,"grad",33,55.6333,"Calopteryx","Calopterygidae","Odonata","Insecta"
67,"Ovis aries","V","Endo","body weight - juveniles","survival",0.117,0.063,"grad",121,57.814,"Ovis","Bovidae","Artiodactyla","Mammalia"
15,"Parus caeruleus","V","Endo","chick tarsus length","survival (recruitment to the breeding population)",0.117496208,0.43465373,"grad",29,42.5667,"Parus","Paridae","Passeriformes","Ave"
15,"Parus caeruleus","V","Endo","chick tarsus length","survival (recruitment to the breeding population)",0.117628875,0.32669232,"grad",593,42.55,"Parus","Paridae","Passeriformes","Ave"
144,"Carpodacus mexicanus","V","Endo","Beak Length","juvenile survival",0.118,NA,"grad",971,46.8607,"Carpodacus","Fringillidae","Passeriformes","Ave"
64,"Ficedula albicollis","V","Endo","fledgling tarsus length","survival",0.119,0.063,"grad",26,57.1667,"Ficedula","Muscicapidae","Passeriformes","Ave"
79,"Phasianus colchicus","V","Endo","tail length","male survival",0.12,NA,"grad",17,55.7232,"Phasianus","Phasianidae","Galliformes","Ave"
79,"Phasianus colchicus","V","Endo","tail length","male survival",0.12,NA,"grad",17,55.7232,"Phasianus","Phasianidae","Galliformes","Ave"
75,"Salmo salar","V","Ecto","growth (immature fish)","Age-1 summer survival",0.12,NA,"grad",124,42.4167,"Salmo","Salmonidae","Salmoniformes","Actinopterygii"
73,"Lacerta agilis","V","Ecto","Female condition","Survival rate of offspring (absolute recruitment)",0.122,0.452,"grad",5,57.3947,"Lacerta","Laceratidae","Squamata","Reptilia"
15,"Parus caeruleus","V","Endo","chick weight","survival (recruitment to the breeding population)",0.125487929,0.33358189,"grad",593,42.55,"Parus","Paridae","Passeriformes","Ave"
93,"Psilocorsis quercicella","I","Ecto","pupal mass","Survival - adult mortality, 2nd generation",0.127,0.018,"grad",184,39.0369,"Psilocorsis","Depressariidae","Lepidoptera","Insecta"
158,"Parus major","V","Endo","tarsus length","survival to the next breeding season",0.129,0.051,"grad",39,52.0833,"Parus","Paridae","Passeriformes","Ave"
75,"Salmo salar","V","Ecto","body length (immature fish)","Age-1 summer survival",0.13,NA,"grad",124,42.4167,"Salmo","Salmonidae","Salmoniformes","Actinopterygii"
75,"Salmo salar","V","Ecto","growth (immature fish)","Age-2 winter survival",0.13,NA,"grad",124,42.4167,"Salmo","Salmonidae","Salmoniformes","Actinopterygii"
101,"Zosterops lateralis chlorocephalus","V","Endo","wing length","survival",0.131,NA,"grad",-17,23.4333,"Zosterops","Zosteropidae","Passeriformes","Ave"
61,"Negaprion brevirostris","V","Ecto","condition factor","survival",0.133864,NA,"grad",8,25.745,"Negaprion","Carcharhinidae","Elasmobranchii","Chondrichthyes"
158,"Parus major","V","Endo","adult body mass","survival to the next breeding season",0.135,0.076,"grad",10,51.641,"Parus","Paridae","Passeriformes","Ave"
67,"Ovis aries","V","Endo","body weight -  adult males","survival",0.137,0.133,"grad",121,57.814,"Ovis","Bovidae","Artiodactyla","Mammalia"
150,"Chrysemys picta","V","Ecto","Egg mass","clutch survival",0.14,0.473,"grad",184,41.9586,"Chrysemys","Emydidae","Testudines","Reptilia"
11,"Calopteryx splendens","I","Ecto","Forewing length","Minimum lifespan in field (a measure of survival), Klingav_ls_n population",0.140143,NA,"grad",33,55.6333,"Calopteryx","Calopterygidae","Odonata","Insecta"
61,"Negaprion brevirostris","V","Ecto","body length","survival",0.141723,NA,"grad",8,25.745,"Negaprion","Carcharhinidae","Elasmobranchii","Chondrichthyes"
83,"Ovis aries","V","Endo","birth weight","neonatal survival",0.1419,0.0341,"grad",121,57.814,"Ovis","Bovidae","Artiodactyla","Mammalia"
37,"Stegastes partitus","V","Ecto","Asymptotic body size (Tlmax)","Longevity",0.145,0.05,"grad",-24,23.7429,"Stegastes","Pomacentridae","Blenniformes","Actinopterygii"
11,"Calopteryx splendens","I","Ecto","Hindwing width","Minimum lifespan in field (a measure of survival), H_je «_Å population",0.147555,NA,"grad",10,55.7,"Calopteryx","Calopterygidae","Odonata","Insecta"
83,"Ovis aries","V","Endo","birth weight","neonatal survival",0.1491,0.033,"grad",121,57.814,"Ovis","Bovidae","Artiodactyla","Mammalia"
67,"Ovis aries","V","Endo","body weight -  adult males","survival",0.15,0.18,"grad",121,57.814,"Ovis","Bovidae","Artiodactyla","Mammalia"
51,"Poecilia reticulata","V","Ecto","Body Size","survival",0.15,NA,"grad",88,10.4606,"Poecilia","Poecilidae","Cyprinodontiformes","Actinopterygii"
112,"Zosterops lateralis chlorocephalus","V","Endo","culw","survival",0.15,0.19,"grad",-17,23.4333,"Zosterops","Zosteropidae","Passeriformes","Ave"
61,"Negaprion brevirostris","V","Ecto","growth","survival",0.1523655,NA,"grad",8,25.745,"Negaprion","Carcharhinidae","Elasmobranchii","Chondrichthyes"
11,"Calopteryx splendens","I","Ecto","Forewing width","Minimum lifespan in field (a measure of survival), Klingav_ls_n population",0.153125,NA,"grad",33,55.6333,"Calopteryx","Calopterygidae","Odonata","Insecta"
15,"Parus caeruleus","V","Endo","chick weight","survival (recruitment to the breeding population)",0.157813437,0.33280232,"grad",29,42.5667,"Parus","Paridae","Passeriformes","Ave"
64,"Ficedula albicollis","V","Endo","fledgling body condition","survival",0.16,0.066,"grad",26,57.1667,"Ficedula","Muscicapidae","Passeriformes","Ave"
158,"Parus major","V","Endo","tarsus length","survival to the next breeding season",0.16,0.085,"grad",10,51.641,"Parus","Paridae","Passeriformes","Ave"
79,"Phasianus colchicus","V","Endo","bill depth","female survival",0.16,NA,"grad",17,55.7232,"Phasianus","Phasianidae","Galliformes","Ave"
112,"Zosterops lateralis chlorocephalus","V","Endo","culw","survival",0.16,0.08,"grad",-17,23.4333,"Zosterops","Zosteropidae","Passeriformes","Ave"
112,"Zosterops lateralis chlorocephalus","V","Endo","cull","survival",0.16,0.07,"grad",-17,23.4333,"Zosterops","Zosteropidae","Passeriformes","Ave"
158,"Parus major","V","Endo","tarsus length","survival to the next breeding season",0.164,0.054,"grad",10,51.641,"Parus","Paridae","Passeriformes","Ave"
158,"Parus major","V","Endo","tarsus length","survival to the next breeding season",0.164,0.034,"grad",39,52.0833,"Parus","Paridae","Passeriformes","Ave"
158,"Parus major","V","Endo","adult body mass","survival to the next breeding season",0.166,0.089,"grad",10,51.641,"Parus","Paridae","Passeriformes","Ave"
83,"Ovis aries","V","Endo","birth weight","neonatal survival",0.1675,0.0317,"grad",121,57.814,"Ovis","Bovidae","Artiodactyla","Mammalia"
83,"Ovis aries","V","Endo","birth weight","neonatal survival",0.1675,0.0288,"grad",121,57.814,"Ovis","Bovidae","Artiodactyla","Mammalia"
67,"Ovis aries","V","Endo","body weight - adult females","survival",0.169,0.069,"grad",121,57.814,"Ovis","Bovidae","Artiodactyla","Mammalia"
158,"Parus major","V","Endo","adult body mass","survival to the next breeding season",0.169,0.055,"grad",10,51.641,"Parus","Paridae","Passeriformes","Ave"
64,"Ficedula albicollis","V","Endo","fledgling tarsus length","survival",0.17,0.11,"grad",26,57.1667,"Ficedula","Muscicapidae","Passeriformes","Ave"
15,"Parus caeruleus","V","Endo","chick weight","survival (recruitment to the breeding population)",0.170191358,0.20053371,"grad",593,42.55,"Parus","Paridae","Passeriformes","Ave"
83,"Ovis aries","V","Endo","birth weight","neonatal survival",0.1737,0.0314,"grad",121,57.814,"Ovis","Bovidae","Artiodactyla","Mammalia"
101,"Zosterops lateralis chlorocephalus","V","Endo","culmen length","survival",0.176,NA,"grad",-17,23.4333,"Zosterops","Zosteropidae","Passeriformes","Ave"
11,"Calopteryx splendens","I","Ecto","Forewing width","Minimum lifespan in field (a measure of survival), Klingav_ls_n population",0.177147,NA,"grad",33,55.6333,"Calopteryx","Calopterygidae","Odonata","Insecta"
83,"Ovis aries","V","Endo","birth weight","neonatal survival",0.1782,0.0381,"grad",121,57.814,"Ovis","Bovidae","Artiodactyla","Mammalia"
79,"Phasianus colchicus","V","Endo","bill depth","female survival",0.18,NA,"grad",17,55.7232,"Phasianus","Phasianidae","Galliformes","Ave"
79,"Phasianus colchicus","V","Endo","bill width","female survival",0.18,NA,"grad",17,55.7232,"Phasianus","Phasianidae","Galliformes","Ave"
75,"Salmo salar","V","Ecto","condition factor (immature + mature fish)","Age-2 winter survival",0.18,NA,"grad",124,42.4167,"Salmo","Salmonidae","Salmoniformes","Actinopterygii"
112,"Zosterops lateralis chlorocephalus","V","Endo","cull","survival",0.18,0.06,"grad",-17,23.4333,"Zosterops","Zosteropidae","Passeriformes","Ave"
158,"Parus major","V","Endo","tarsus length","survival to the next breeding season",0.184,0.134,"grad",39,52.0833,"Parus","Paridae","Passeriformes","Ave"
144,"Carpodacus mexicanus","V","Endo","Beak Depth","juvenile survival",0.185,NA,"grad",971,46.8607,"Carpodacus","Fringillidae","Passeriformes","Ave"
75,"Salmo salar","V","Ecto","growth (immature fish)","Age-1 winter survival",0.19,NA,"grad",124,42.4167,"Salmo","Salmonidae","Salmoniformes","Actinopterygii"
15,"Parus caeruleus","V","Endo","chick weight","survival (recruitment to the breeding population)",0.192143385,0.24575099,"grad",232,43.6667,"Parus","Paridae","Passeriformes","Ave"
64,"Ficedula albicollis","V","Endo","fledgling body condition","survival",0.194,0.072,"grad",26,57.1667,"Ficedula","Muscicapidae","Passeriformes","Ave"
101,"Zosterops lateralis chlorocephalus","V","Endo","culmen width","survival",0.194,NA,"grad",-17,23.4333,"Zosterops","Zosteropidae","Passeriformes","Ave"
15,"Parus caeruleus","V","Endo","chick weight","survival (recruitment to the breeding population)",0.199318326,0.28016233,"grad",593,42.55,"Parus","Paridae","Passeriformes","Ave"
79,"Phasianus colchicus","V","Endo","bill width","female survival",0.2,NA,"grad",17,55.7232,"Phasianus","Phasianidae","Galliformes","Ave"
64,"Ficedula albicollis","V","Endo","fledgling tarsus length","survival",0.202,0.068,"grad",26,57.1667,"Ficedula","Muscicapidae","Passeriformes","Ave"
101,"Zosterops lateralis chlorocephalus","V","Endo","tail length","survival",0.202,NA,"grad",-17,23.4333,"Zosterops","Zosteropidae","Passeriformes","Ave"
11,"Calopteryx splendens","I","Ecto","Forewing length","Minimum lifespan in field (a measure of survival), Klingav_ls_n population",0.202397,NA,"grad",33,55.6333,"Calopteryx","Calopterygidae","Odonata","Insecta"
15,"Parus caeruleus","V","Endo","chick tarsus length","survival (recruitment to the breeding population)",0.203348995,0.40484303,"grad",232,43.6667,"Parus","Paridae","Passeriformes","Ave"
101,"Zosterops lateralis chlorocephalus","V","Endo","culmen depth","survival",0.205,NA,"grad",-17,23.4333,"Zosterops","Zosteropidae","Passeriformes","Ave"
64,"Ficedula albicollis","V","Endo","fledgling tarsus length","survival",0.206,0.116,"grad",26,57.1667,"Ficedula","Muscicapidae","Passeriformes","Ave"
79,"Phasianus colchicus","V","Endo","weight","male survival",0.21,NA,"grad",17,55.7232,"Phasianus","Phasianidae","Galliformes","Ave"
75,"Salmo salar","V","Ecto","condition factor (immature fish)","Age-2 winter survival",0.21,NA,"grad",124,42.4167,"Salmo","Salmonidae","Salmoniformes","Actinopterygii"
83,"Ovis aries","V","Endo","birth weight","neonatal survival",0.2103,0.0347,"grad",121,57.814,"Ovis","Bovidae","Artiodactyla","Mammalia"
61,"Negaprion brevirostris","V","Ecto","condition factor","survival",0.210654,NA,"grad",8,25.745,"Negaprion","Carcharhinidae","Elasmobranchii","Chondrichthyes"
64,"Ficedula albicollis","V","Endo","fledgling tarsus length","survival",0.211,0.097,"grad",26,57.1667,"Ficedula","Muscicapidae","Passeriformes","Ave"
15,"Parus caeruleus","V","Endo","chick tarsus length","survival (recruitment to the breeding population)",0.211055876,0.20573762,"grad",232,43.6667,"Parus","Paridae","Passeriformes","Ave"
83,"Ovis aries","V","Endo","birth weight","neonatal survival",0.2114,0.0336,"grad",121,57.814,"Ovis","Bovidae","Artiodactyla","Mammalia"
67,"Ovis aries","V","Endo","body weight -  adult males","survival",0.214,0.163,"grad",121,57.814,"Ovis","Bovidae","Artiodactyla","Mammalia"
15,"Parus caeruleus","V","Endo","chick tarsus length","survival (recruitment to the breeding population)",0.215026664,0.23219362,"grad",232,43.6667,"Parus","Paridae","Passeriformes","Ave"
150,"Chrysemys picta","V","Ecto","Egg mass","clutch survival",0.222,0.159,"grad",184,41.9586,"Chrysemys","Emydidae","Testudines","Reptilia"
11,"Calopteryx splendens","I","Ecto","Forewing width","Minimum lifespan in field (a measure of survival), Klingav_ls_n population",0.222877,NA,"grad",33,55.6333,"Calopteryx","Calopterygidae","Odonata","Insecta"
67,"Ovis aries","V","Endo","body weight - juveniles","survival",0.224,0.372,"grad",121,57.814,"Ovis","Bovidae","Artiodactyla","Mammalia"
150,"Chrysemys picta","V","Ecto","Egg mass","clutch survival",0.227,0.041,"grad",184,41.9586,"Chrysemys","Emydidae","Testudines","Reptilia"
64,"Ficedula albicollis","V","Endo","fledgling body condition","survival",0.227,0.115,"grad",26,57.1667,"Ficedula","Muscicapidae","Passeriformes","Ave"
64,"Ficedula albicollis","V","Endo","fledgling tarsus length","survival",0.233,0.069,"grad",26,57.1667,"Ficedula","Muscicapidae","Passeriformes","Ave"
64,"Ficedula albicollis","V","Endo","fledgling body condition","survival",0.233,0.069,"grad",26,57.1667,"Ficedula","Muscicapidae","Passeriformes","Ave"
15,"Parus caeruleus","V","Endo","chick weight","survival (recruitment to the breeding population)",0.236961024,0.41566047,"grad",29,42.5667,"Parus","Paridae","Passeriformes","Ave"
150,"Chrysemys picta","V","Ecto","Egg mass","clutch survival",0.239,0.145,"grad",184,41.9586,"Chrysemys","Emydidae","Testudines","Reptilia"
64,"Ficedula albicollis","V","Endo","fledgling body condition","survival",0.244,0.071,"grad",26,57.1667,"Ficedula","Muscicapidae","Passeriformes","Ave"
67,"Ovis aries","V","Endo","hindlimb length - adult males","survival",0.244,0.197,"grad",121,57.814,"Ovis","Bovidae","Artiodactyla","Mammalia"
64,"Ficedula albicollis","V","Endo","fledgling body condition","survival",0.245,0.115,"grad",26,57.1667,"Ficedula","Muscicapidae","Passeriformes","Ave"
101,"Zosterops lateralis chlorocephalus","V","Endo","wing length","survival",0.248,NA,"grad",-17,23.4333,"Zosterops","Zosteropidae","Passeriformes","Ave"
37,"Stegastes partitus","V","Ecto","Asymptotic body size (Tlmax)","Longevity",0.251,0.052,"grad",-30,23.7903,"Stegastes","Pomacentridae","Blenniformes","Actinopterygii"
64,"Ficedula albicollis","V","Endo","fledgling body condition","survival",0.256,0.097,"grad",26,57.1667,"Ficedula","Muscicapidae","Passeriformes","Ave"
15,"Parus caeruleus","V","Endo","chick tarsus length","survival (recruitment to the breeding population)",0.268817694,0.41649519,"grad",29,42.5667,"Parus","Paridae","Passeriformes","Ave"
11,"Calopteryx splendens","I","Ecto","Mass","Minimum lifespan in field (a measure of survival), H_je «_Å population",0.273097,NA,"grad",10,55.7,"Calopteryx","Calopterygidae","Odonata","Insecta"
73,"Lacerta agilis","V","Ecto","Female condition","Survival rate of offspring (proportion)",0.276,0.485,"grad",5,57.3947,"Lacerta","Laceratidae","Squamata","Reptilia"
64,"Ficedula albicollis","V","Endo","fledgling body condition","survival",0.279,0.092,"grad",26,57.1667,"Ficedula","Muscicapidae","Passeriformes","Ave"
79,"Phasianus colchicus","V","Endo","bill length","female survival",0.29,NA,"grad",17,55.7232,"Phasianus","Phasianidae","Galliformes","Ave"
64,"Ficedula albicollis","V","Endo","fledgling tarsus length","survival",0.292,0.091,"grad",26,57.1667,"Ficedula","Muscicapidae","Passeriformes","Ave"
64,"Ficedula albicollis","V","Endo","fledgling tarsus length","survival",0.296,0.081,"grad",26,57.1667,"Ficedula","Muscicapidae","Passeriformes","Ave"
64,"Ficedula albicollis","V","Endo","fledgling body condition","survival",0.299,0.108,"grad",26,57.1667,"Ficedula","Muscicapidae","Passeriformes","Ave"
61,"Negaprion brevirostris","V","Ecto","body length","survival",0.299335,NA,"grad",8,25.745,"Negaprion","Carcharhinidae","Elasmobranchii","Chondrichthyes"
79,"Phasianus colchicus","V","Endo","tail length","male survival",0.3,NA,"grad",17,55.7232,"Phasianus","Phasianidae","Galliformes","Ave"
64,"Ficedula albicollis","V","Endo","fledgling tarsus length","survival",0.304,0.108,"grad",26,57.1667,"Ficedula","Muscicapidae","Passeriformes","Ave"
64,"Ficedula albicollis","V","Endo","fledgling body condition","survival",0.305,0.081,"grad",26,57.1667,"Ficedula","Muscicapidae","Passeriformes","Ave"
64,"Ficedula albicollis","V","Endo","fledgling body condition","survival",0.313,0.069,"grad",26,57.1667,"Ficedula","Muscicapidae","Passeriformes","Ave"
79,"Phasianus colchicus","V","Endo","tarsus length","female survival",0.32,NA,"grad",17,55.7232,"Phasianus","Phasianidae","Galliformes","Ave"
112,"Zosterops lateralis chlorocephalus","V","Endo","wing","survival",0.32,0.2,"grad",-17,23.4333,"Zosterops","Zosteropidae","Passeriformes","Ave"
61,"Negaprion brevirostris","V","Ecto","growth","survival",0.322044,NA,"grad",8,25.745,"Negaprion","Carcharhinidae","Elasmobranchii","Chondrichthyes"
64,"Ficedula albicollis","V","Endo","fledgling tarsus length","survival",0.323,0.115,"grad",26,57.1667,"Ficedula","Muscicapidae","Passeriformes","Ave"
79,"Phasianus colchicus","V","Endo","tarsus length","male survival",0.34,NA,"grad",17,55.7232,"Phasianus","Phasianidae","Galliformes","Ave"
64,"Ficedula albicollis","V","Endo","fledgling tarsus length","survival",0.352,0.187,"grad",26,57.1667,"Ficedula","Muscicapidae","Passeriformes","Ave"
83,"Ovis aries","V","Endo","birth weight","neonatal survival",0.3537,0.0535,"grad",121,57.814,"Ovis","Bovidae","Artiodactyla","Mammalia"
83,"Ovis aries","V","Endo","birth weight","neonatal survival",0.36,0.0656,"grad",121,57.814,"Ovis","Bovidae","Artiodactyla","Mammalia"
64,"Ficedula albicollis","V","Endo","fledgling tarsus length","survival",0.36,0.078,"grad",26,57.1667,"Ficedula","Muscicapidae","Passeriformes","Ave"
15,"Parus caeruleus","V","Endo","chick tarsus length","survival (recruitment to the breeding population)",0.364413926,0.31023554,"grad",29,42.5667,"Parus","Paridae","Passeriformes","Ave"
64,"Ficedula albicollis","V","Endo","fledgling body condition","survival",0.373,0.063,"grad",26,57.1667,"Ficedula","Muscicapidae","Passeriformes","Ave"
83,"Ovis aries","V","Endo","birth weight","neonatal survival",0.3764,0.0549,"grad",121,57.814,"Ovis","Bovidae","Artiodactyla","Mammalia"
83,"Ovis aries","V","Endo","birth weight","neonatal survival",0.3773,0.083,"grad",121,57.814,"Ovis","Bovidae","Artiodactyla","Mammalia"
79,"Phasianus colchicus","V","Endo","tarsus length","female survival",0.38,NA,"grad",17,55.7232,"Phasianus","Phasianidae","Galliformes","Ave"
64,"Ficedula albicollis","V","Endo","fledgling tarsus length","survival",0.392,0.092,"grad",26,57.1667,"Ficedula","Muscicapidae","Passeriformes","Ave"
15,"Parus caeruleus","V","Endo","chick tarsus length","survival (recruitment to the breeding population)",0.400724267,0.36490733,"grad",29,42.5667,"Parus","Paridae","Passeriformes","Ave"
15,"Parus caeruleus","V","Endo","chick tarsus length","survival (recruitment to the breeding population)",0.406236406,0.65875748,"grad",29,42.5667,"Parus","Paridae","Passeriformes","Ave"
15,"Parus caeruleus","V","Endo","chick weight","survival (recruitment to the breeding population)",0.407573682,0.21049808,"grad",232,43.6667,"Parus","Paridae","Passeriformes","Ave"
79,"Phasianus colchicus","V","Endo","tarsus length","female survival",0.41,NA,"grad",17,55.7232,"Phasianus","Phasianidae","Galliformes","Ave"
15,"Parus caeruleus","V","Endo","chick weight","survival (recruitment to the breeding population)",0.411466875,0.15625373,"grad",232,43.6667,"Parus","Paridae","Passeriformes","Ave"
83,"Ovis aries","V","Endo","birth weight","neonatal survival",0.4364,0.0525,"grad",121,57.814,"Ovis","Bovidae","Artiodactyla","Mammalia"
15,"Parus caeruleus","V","Endo","chick weight","survival (recruitment to the breeding population)",0.439252574,0.17607498,"grad",232,43.6667,"Parus","Paridae","Passeriformes","Ave"
15,"Parus caeruleus","V","Endo","chick weight","survival (recruitment to the breeding population)",0.443829345,0.20349114,"grad",232,43.6667,"Parus","Paridae","Passeriformes","Ave"
15,"Parus caeruleus","V","Endo","chick weight","survival (recruitment to the breeding population)",0.456244413,0.30693615,"grad",232,43.6667,"Parus","Paridae","Passeriformes","Ave"
15,"Parus caeruleus","V","Endo","chick weight","survival (recruitment to the breeding population)",0.461509356,0.35287791,"grad",29,42.5667,"Parus","Paridae","Passeriformes","Ave"
73,"Lacerta agilis","V","Ecto","Offspring mass","Survival rate of offspring (proportion)",0.465,0.368,"grad",5,57.3947,"Lacerta","Laceratidae","Squamata","Reptilia"
15,"Parus caeruleus","V","Endo","chick weight","survival (recruitment to the breeding population)",0.471961438,0.44449167,"grad",232,43.6667,"Parus","Paridae","Passeriformes","Ave"
15,"Parus caeruleus","V","Endo","chick weight","survival (recruitment to the breeding population)",0.472905376,0.35811593,"grad",29,42.5667,"Parus","Paridae","Passeriformes","Ave"
15,"Parus caeruleus","V","Endo","chick weight","survival (recruitment to the breeding population)",0.491052927,0.54524677,"grad",593,42.55,"Parus","Paridae","Passeriformes","Ave"
73,"Lacerta agilis","V","Ecto","Offspring mass","Survival rate of offspring (absolute recruitment)",0.492,0.516,"grad",5,57.3947,"Lacerta","Laceratidae","Squamata","Reptilia"
64,"Ficedula albicollis","V","Endo","fledgling body condition","survival",0.519,0.11,"grad",26,57.1667,"Ficedula","Muscicapidae","Passeriformes","Ave"
83,"Ovis aries","V","Endo","birth weight","neonatal survival",0.5292,0.0637,"grad",121,57.814,"Ovis","Bovidae","Artiodactyla","Mammalia"
15,"Parus caeruleus","V","Endo","chick tarsus length","survival (recruitment to the breeding population)",0.530603121,0.32265597,"grad",29,42.5667,"Parus","Paridae","Passeriformes","Ave"
15,"Parus caeruleus","V","Endo","chick tarsus length","survival (recruitment to the breeding population)",0.538158964,0.28617616,"grad",29,42.5667,"Parus","Paridae","Passeriformes","Ave"
15,"Parus caeruleus","V","Endo","chick tarsus length","survival (recruitment to the breeding population)",0.547515493,0.3945694,"grad",232,43.6667,"Parus","Paridae","Passeriformes","Ave"
73,"Lacerta agilis","V","Ecto","Offspring mass","Survival rate of offspring (absolute recruitment)",0.569,0.309,"grad",5,57.3947,"Lacerta","Laceratidae","Squamata","Reptilia"
15,"Parus caeruleus","V","Endo","chick weight","survival (recruitment to the breeding population)",0.574041341,0.33576417,"grad",232,43.6667,"Parus","Paridae","Passeriformes","Ave"
67,"Ovis aries","V","Endo","body weight - juveniles","survival",0.598,0.152,"grad",121,57.814,"Ovis","Bovidae","Artiodactyla","Mammalia"
67,"Ovis aries","V","Endo","body weight - juveniles","survival",0.608,0.176,"grad",121,57.814,"Ovis","Bovidae","Artiodactyla","Mammalia"
101,"Zosterops lateralis chlorocephalus","V","Endo","tail length","survival",0.618,NA,"grad",-17,23.4333,"Zosterops","Zosteropidae","Passeriformes","Ave"
73,"Lacerta agilis","V","Ecto","Offspring mass","Survival rate of offspring (proportion)",0.624,0.257,"grad",5,57.3947,"Lacerta","Laceratidae","Squamata","Reptilia"
67,"Ovis aries","V","Endo","body weight - juveniles","survival",0.653,0.339,"grad",121,57.814,"Ovis","Bovidae","Artiodactyla","Mammalia"
150,"Chrysemys picta","V","Ecto","Egg mass","clutch survival",0.768,0.05,"grad",184,41.9586,"Chrysemys","Emydidae","Testudines","Reptilia"
15,"Parus caeruleus","V","Endo","chick weight","survival (recruitment to the breeding population)",0.883344416,0.41274833,"grad",232,43.6667,"Parus","Paridae","Passeriformes","Ave"
15,"Parus caeruleus","V","Endo","chick tarsus length","survival (recruitment to the breeding population)",0.931262018,1.21303204,"grad",29,42.5667,"Parus","Paridae","Passeriformes","Ave"
15,"Parus caeruleus","V","Endo","chick weight","survival (recruitment to the breeding population)",1.199582406,0.85969727,"grad",29,42.5667,"Parus","Paridae","Passeriformes","Ave"
15,"Parus caeruleus","V","Endo","chick tarsus length","survival (recruitment to the breeding population)",1.79032751,2.11151405,"grad",29,42.5667,"Parus","Paridae","Passeriformes","Ave"
119,"Aquarius remigis","I","Ecto","total body length","longevity",-0.135,NA,"grad",31,45.5167,"Aquarius","Gerridae","Hemiptera","Insecta"
119,"Aquarius remigis","I","Ecto","total body length","longevity",-0.279,NA,"grad",31,45.5167,"Aquarius","Gerridae","Hemiptera","Insecta"
14,"Aquarius remigis","I","Ecto","total length","pre-reproductive survival",0.01,NA,"grad",167,45.5405,"Aquarius","Gerridae","Hemiptera","Insecta"
14,"Aquarius remigis","I","Ecto","total length","reproductive lifespan",0.07,NA,"grad",167,45.5405,"Aquarius","Gerridae","Hemiptera","Insecta"
14,"Aquarius remigis","I","Ecto","total length","pre-reproductive survival",-0.3,NA,"grad",167,45.5405,"Aquarius","Gerridae","Hemiptera","Insecta"
14,"Aquarius remigis","I","Ecto","total length","reproductive lifespan",0.04,NA,"grad",167,45.5405,"Aquarius","Gerridae","Hemiptera","Insecta"
14,"Aquarius remigis","I","Ecto","total length","pre-reproductive survival",0.1,NA,"grad",190,45.5444,"Aquarius","Gerridae","Hemiptera","Insecta"
14,"Aquarius remigis","I","Ecto","total length","reproductive lifespan",-0.03,NA,"grad",190,45.5444,"Aquarius","Gerridae","Hemiptera","Insecta"
14,"Aquarius remigis","I","Ecto","total length","pre-reproductive survival",0.28,NA,"grad",190,45.5444,"Aquarius","Gerridae","Hemiptera","Insecta"
14,"Aquarius remigis","I","Ecto","total length","reproductive lifespan",0.12,NA,"grad",190,45.5444,"Aquarius","Gerridae","Hemiptera","Insecta"
28,"Calopteryx splendens","I","Ecto","total length","survival",-0.06,NA,"grad",10,55.7,"Calopteryx","Calopterygidae","Odonata","Insecta"
23,"Carpodacus mexicanus","V","Endo","body mass","overwinter survival",-0.13,NA,"grad",201,32.6042,"Carpodacus","Fringillidae","Passeriformes","Ave"
23,"Carpodacus mexicanus","V","Endo","body mass","overwinter survival",-0.27,NA,"grad",201,32.6042,"Carpodacus","Fringillidae","Passeriformes","Ave"
23,"Carpodacus mexicanus","V","Endo","body mass","overwinter survival",0,NA,"grad",268,42.2791,"Carpodacus","Fringillidae","Passeriformes","Ave"
23,"Carpodacus mexicanus","V","Endo","body mass","overwinter survival",0.13,NA,"grad",268,42.2791,"Carpodacus","Fringillidae","Passeriformes","Ave"
23,"Carpodacus mexicanus","V","Endo","body mass","overwinter survival",-0.08,NA,"grad",1834,48.8573,"Carpodacus","Fringillidae","Passeriformes","Ave"
23,"Carpodacus mexicanus","V","Endo","body mass","overwinter survival",-0.1,NA,"grad",1834,48.8573,"Carpodacus","Fringillidae","Passeriformes","Ave"
107,"Cervus elaphus","V","Endo","birth weight","annual survival",0.76019,NA,"grad",272,57.0033,"Cervus","Cervidae","Artiodactyla","Mammalia"
107,"Cervus elaphus","V","Endo","birth weight","annual survival",-0.0244,NA,"dif",272,57.0033,"Cervus","Cervidae","Artiodactyla","Mammalia"
107,"Cervus elaphus","V","Endo","birth weight","annual survival",0.48565,NA,"dif",272,57.0033,"Cervus","Cervidae","Artiodactyla","Mammalia"
107,"Cervus elaphus","V","Endo","birth weight","annual survival",0.07063,NA,"dif",272,57.0033,"Cervus","Cervidae","Artiodactyla","Mammalia"
107,"Cervus elaphus","V","Endo","birth weight","annual survival",-0.06525,NA,"dif",272,57.0033,"Cervus","Cervidae","Artiodactyla","Mammalia"
107,"Cervus elaphus","V","Endo","birth weight","annual survival",0.48922,NA,"dif",272,57.0033,"Cervus","Cervidae","Artiodactyla","Mammalia"
107,"Cervus elaphus","V","Endo","birth weight","annual survival",0.31013,NA,"dif",272,57.0033,"Cervus","Cervidae","Artiodactyla","Mammalia"
107,"Cervus elaphus","V","Endo","birth weight","annual survival",0.18342,NA,"dif",272,57.0033,"Cervus","Cervidae","Artiodactyla","Mammalia"
107,"Cervus elaphus","V","Endo","birth weight","annual survival",0.06241,NA,"dif",272,57.0033,"Cervus","Cervidae","Artiodactyla","Mammalia"
107,"Cervus elaphus","V","Endo","birth weight","annual survival",0.10063,NA,"dif",272,57.0033,"Cervus","Cervidae","Artiodactyla","Mammalia"
107,"Cervus elaphus","V","Endo","birth weight","annual survival",0.4702,NA,"dif",272,57.0033,"Cervus","Cervidae","Artiodactyla","Mammalia"
107,"Cervus elaphus","V","Endo","birth weight","annual survival",0.32635,NA,"dif",272,57.0033,"Cervus","Cervidae","Artiodactyla","Mammalia"
107,"Cervus elaphus","V","Endo","birth weight","annual survival",0.16288,NA,"dif",272,57.0033,"Cervus","Cervidae","Artiodactyla","Mammalia"
107,"Cervus elaphus","V","Endo","birth weight","annual survival",0.08333,NA,"dif",272,57.0033,"Cervus","Cervidae","Artiodactyla","Mammalia"
107,"Cervus elaphus","V","Endo","birth weight","annual survival",0.2065,NA,"dif",272,57.0033,"Cervus","Cervidae","Artiodactyla","Mammalia"
107,"Cervus elaphus","V","Endo","birth weight","annual survival",0.33595,NA,"dif",272,57.0033,"Cervus","Cervidae","Artiodactyla","Mammalia"
107,"Cervus elaphus","V","Endo","birth weight","annual survival",0.13048,NA,"dif",272,57.0033,"Cervus","Cervidae","Artiodactyla","Mammalia"
107,"Cervus elaphus","V","Endo","birth weight","annual survival",-0.0678,NA,"dif",272,57.0033,"Cervus","Cervidae","Artiodactyla","Mammalia"
107,"Cervus elaphus","V","Endo","birth weight","annual survival",0.24757,NA,"dif",272,57.0033,"Cervus","Cervidae","Artiodactyla","Mammalia"
107,"Cervus elaphus","V","Endo","birth weight","annual survival",0.29333,NA,"dif",272,57.0033,"Cervus","Cervidae","Artiodactyla","Mammalia"
107,"Cervus elaphus","V","Endo","birth weight","annual survival",0.33265,NA,"dif",272,57.0033,"Cervus","Cervidae","Artiodactyla","Mammalia"
107,"Cervus elaphus","V","Endo","birth weight","annual survival",0.17246,NA,"dif",272,57.0033,"Cervus","Cervidae","Artiodactyla","Mammalia"
107,"Cervus elaphus","V","Endo","birth weight","annual survival",0.23778,NA,"dif",272,57.0033,"Cervus","Cervidae","Artiodactyla","Mammalia"
107,"Cervus elaphus","V","Endo","birth weight","annual survival",0.1484,NA,"dif",272,57.0033,"Cervus","Cervidae","Artiodactyla","Mammalia"
107,"Cervus elaphus","V","Endo","birth weight","annual survival",0.0604,NA,"dif",272,57.0033,"Cervus","Cervidae","Artiodactyla","Mammalia"
107,"Cervus elaphus","V","Endo","birth weight","annual survival",0,NA,"dif",272,57.0033,"Cervus","Cervidae","Artiodactyla","Mammalia"
107,"Cervus elaphus","V","Endo","birth weight","annual survival",0,NA,"dif",272,57.0033,"Cervus","Cervidae","Artiodactyla","Mammalia"
107,"Cervus elaphus","V","Endo","birth weight","annual survival",0.0972,NA,"dif",272,57.0033,"Cervus","Cervidae","Artiodactyla","Mammalia"
107,"Cervus elaphus","V","Endo","birth weight","annual survival",-0.01453,NA,"dif",272,57.0033,"Cervus","Cervidae","Artiodactyla","Mammalia"
107,"Cervus elaphus","V","Endo","birth weight","annual survival",0.02855,NA,"dif",272,57.0033,"Cervus","Cervidae","Artiodactyla","Mammalia"
107,"Cervus elaphus","V","Endo","birth weight","annual survival",-0.19704,NA,"dif",272,57.0033,"Cervus","Cervidae","Artiodactyla","Mammalia"
107,"Cervus elaphus","V","Endo","birth weight","annual survival",0.05841,NA,"dif",272,57.0033,"Cervus","Cervidae","Artiodactyla","Mammalia"
107,"Cervus elaphus","V","Endo","birth weight","annual survival",0,NA,"dif",272,57.0033,"Cervus","Cervidae","Artiodactyla","Mammalia"
107,"Cervus elaphus","V","Endo","birth weight","annual survival",0.03376,NA,"dif",272,57.0033,"Cervus","Cervidae","Artiodactyla","Mammalia"
107,"Cervus elaphus","V","Endo","birth weight","annual survival",-0.10666,NA,"dif",272,57.0033,"Cervus","Cervidae","Artiodactyla","Mammalia"
107,"Cervus elaphus","V","Endo","birth weight","annual survival",-0.02945,NA,"dif",272,57.0033,"Cervus","Cervidae","Artiodactyla","Mammalia"
107,"Cervus elaphus","V","Endo","birth weight","annual survival",0.16492,NA,"dif",272,57.0033,"Cervus","Cervidae","Artiodactyla","Mammalia"
107,"Cervus elaphus","V","Endo","birth weight","annual survival",0.13631,NA,"dif",272,57.0033,"Cervus","Cervidae","Artiodactyla","Mammalia"
107,"Cervus elaphus","V","Endo","birth weight","annual survival",0,NA,"dif",272,57.0033,"Cervus","Cervidae","Artiodactyla","Mammalia"
107,"Cervus elaphus","V","Endo","birth weight","annual survival",-0.05514,NA,"dif",272,57.0033,"Cervus","Cervidae","Artiodactyla","Mammalia"
107,"Cervus elaphus","V","Endo","birth weight","annual survival",0.15425,NA,"dif",272,57.0033,"Cervus","Cervidae","Artiodactyla","Mammalia"
107,"Cervus elaphus","V","Endo","birth weight","annual survival",-0.01217,NA,"dif",272,57.0033,"Cervus","Cervidae","Artiodactyla","Mammalia"
107,"Cervus elaphus","V","Endo","birth weight","annual survival",0,NA,"dif",272,57.0033,"Cervus","Cervidae","Artiodactyla","Mammalia"
107,"Cervus elaphus","V","Endo","birth weight","annual survival",0.11975,NA,"dif",272,57.0033,"Cervus","Cervidae","Artiodactyla","Mammalia"
107,"Cervus elaphus","V","Endo","birth weight","annual survival",-0.0989,NA,"dif",272,57.0033,"Cervus","Cervidae","Artiodactyla","Mammalia"
107,"Cervus elaphus","V","Endo","birth weight","annual survival",-0.05658,NA,"dif",272,57.0033,"Cervus","Cervidae","Artiodactyla","Mammalia"
107,"Cervus elaphus","V","Endo","birth weight","annual survival",0,NA,"dif",272,57.0033,"Cervus","Cervidae","Artiodactyla","Mammalia"
107,"Cervus elaphus","V","Endo","birth weight","annual survival",0.24324,NA,"dif",272,57.0033,"Cervus","Cervidae","Artiodactyla","Mammalia"
107,"Cervus elaphus","V","Endo","birth weight","annual survival",0.1715,NA,"dif",272,57.0033,"Cervus","Cervidae","Artiodactyla","Mammalia"
107,"Cervus elaphus","V","Endo","birth weight","annual survival",0,NA,"dif",272,57.0033,"Cervus","Cervidae","Artiodactyla","Mammalia"
107,"Cervus elaphus","V","Endo","birth weight","annual survival",0,NA,"dif",272,57.0033,"Cervus","Cervidae","Artiodactyla","Mammalia"
107,"Cervus elaphus","V","Endo","birth weight","annual survival",0,NA,"dif",272,57.0033,"Cervus","Cervidae","Artiodactyla","Mammalia"
107,"Cervus elaphus","V","Endo","birth weight","annual survival",0,NA,"dif",272,57.0033,"Cervus","Cervidae","Artiodactyla","Mammalia"
107,"Cervus elaphus","V","Endo","birth weight","annual survival",-0.1069,NA,"dif",272,57.0033,"Cervus","Cervidae","Artiodactyla","Mammalia"
107,"Cervus elaphus","V","Endo","birth weight","annual survival",0,NA,"dif",272,57.0033,"Cervus","Cervidae","Artiodactyla","Mammalia"
107,"Cervus elaphus","V","Endo","birth weight","annual survival",0,NA,"dif",272,57.0033,"Cervus","Cervidae","Artiodactyla","Mammalia"
107,"Cervus elaphus","V","Endo","birth weight","annual survival",0,NA,"dif",272,57.0033,"Cervus","Cervidae","Artiodactyla","Mammalia"
107,"Cervus elaphus","V","Endo","birth weight","annual survival",0,NA,"dif",272,57.0033,"Cervus","Cervidae","Artiodactyla","Mammalia"
107,"Cervus elaphus","V","Endo","birth weight","annual survival",0,NA,"dif",272,57.0033,"Cervus","Cervidae","Artiodactyla","Mammalia"
107,"Cervus elaphus","V","Endo","birth weight","annual survival",0,NA,"dif",272,57.0033,"Cervus","Cervidae","Artiodactyla","Mammalia"
107,"Cervus elaphus","V","Endo","birth weight","annual survival",0,NA,"dif",272,57.0033,"Cervus","Cervidae","Artiodactyla","Mammalia"
107,"Cervus elaphus","V","Endo","birth weight","annual survival",0,NA,"dif",272,57.0033,"Cervus","Cervidae","Artiodactyla","Mammalia"
107,"Cervus elaphus","V","Endo","birth weight","annual survival",-0.03949,NA,"dif",272,57.0033,"Cervus","Cervidae","Artiodactyla","Mammalia"
107,"Cervus elaphus","V","Endo","birth weight","annual survival",-0.05427,NA,"dif",272,57.0033,"Cervus","Cervidae","Artiodactyla","Mammalia"
107,"Cervus elaphus","V","Endo","birth weight","annual survival",0,NA,"dif",272,57.0033,"Cervus","Cervidae","Artiodactyla","Mammalia"
107,"Cervus elaphus","V","Endo","birth weight","annual survival",0.04959,NA,"dif",272,57.0033,"Cervus","Cervidae","Artiodactyla","Mammalia"
107,"Cervus elaphus","V","Endo","birth weight","annual survival",0.10902,NA,"dif",272,57.0033,"Cervus","Cervidae","Artiodactyla","Mammalia"
107,"Cervus elaphus","V","Endo","birth weight","annual survival",0,NA,"dif",272,57.0033,"Cervus","Cervidae","Artiodactyla","Mammalia"
107,"Cervus elaphus","V","Endo","birth weight","annual survival",0,NA,"dif",272,57.0033,"Cervus","Cervidae","Artiodactyla","Mammalia"
107,"Cervus elaphus","V","Endo","birth weight","annual survival",0,NA,"dif",272,57.0033,"Cervus","Cervidae","Artiodactyla","Mammalia"
107,"Cervus elaphus","V","Endo","birth weight","annual survival",0,NA,"dif",272,57.0033,"Cervus","Cervidae","Artiodactyla","Mammalia"
107,"Cervus elaphus","V","Endo","birth weight","annual survival",0,NA,"dif",272,57.0033,"Cervus","Cervidae","Artiodactyla","Mammalia"
107,"Cervus elaphus","V","Endo","birth weight","annual survival",0.03202,NA,"dif",272,57.0033,"Cervus","Cervidae","Artiodactyla","Mammalia"
107,"Cervus elaphus","V","Endo","birth weight","annual survival",-0.03821,NA,"dif",272,57.0033,"Cervus","Cervidae","Artiodactyla","Mammalia"
107,"Cervus elaphus","V","Endo","birth weight","annual survival",0,NA,"dif",272,57.0033,"Cervus","Cervidae","Artiodactyla","Mammalia"
107,"Cervus elaphus","V","Endo","birth weight","annual survival",-0.22566,NA,"dif",272,57.0033,"Cervus","Cervidae","Artiodactyla","Mammalia"
107,"Cervus elaphus","V","Endo","birth weight","annual survival",0,NA,"dif",272,57.0033,"Cervus","Cervidae","Artiodactyla","Mammalia"
107,"Cervus elaphus","V","Endo","birth weight","annual survival",-0.0363,NA,"dif",272,57.0033,"Cervus","Cervidae","Artiodactyla","Mammalia"
107,"Cervus elaphus","V","Endo","birth weight","annual survival",0.08989,NA,"dif",272,57.0033,"Cervus","Cervidae","Artiodactyla","Mammalia"
107,"Cervus elaphus","V","Endo","birth weight","annual survival",0.00195,NA,"dif",272,57.0033,"Cervus","Cervidae","Artiodactyla","Mammalia"
107,"Cervus elaphus","V","Endo","birth weight","annual survival",0.03002,NA,"dif",272,57.0033,"Cervus","Cervidae","Artiodactyla","Mammalia"
107,"Cervus elaphus","V","Endo","birth weight","annual survival",0.04942,NA,"dif",272,57.0033,"Cervus","Cervidae","Artiodactyla","Mammalia"
107,"Cervus elaphus","V","Endo","birth weight","annual survival",-0.02547,NA,"dif",272,57.0033,"Cervus","Cervidae","Artiodactyla","Mammalia"
107,"Cervus elaphus","V","Endo","birth weight","annual survival",-0.00734,NA,"dif",272,57.0033,"Cervus","Cervidae","Artiodactyla","Mammalia"
107,"Cervus elaphus","V","Endo","birth weight","annual survival",-0.03318,NA,"dif",272,57.0033,"Cervus","Cervidae","Artiodactyla","Mammalia"
107,"Cervus elaphus","V","Endo","birth weight","annual survival",-0.02412,NA,"dif",272,57.0033,"Cervus","Cervidae","Artiodactyla","Mammalia"
107,"Cervus elaphus","V","Endo","birth weight","annual survival",0.0093,NA,"dif",272,57.0033,"Cervus","Cervidae","Artiodactyla","Mammalia"
107,"Cervus elaphus","V","Endo","birth weight","annual survival",-0.00043,NA,"dif",272,57.0033,"Cervus","Cervidae","Artiodactyla","Mammalia"
107,"Cervus elaphus","V","Endo","birth weight","annual survival",0,NA,"dif",272,57.0033,"Cervus","Cervidae","Artiodactyla","Mammalia"
107,"Cervus elaphus","V","Endo","birth weight","annual survival",0.0762,NA,"dif",272,57.0033,"Cervus","Cervidae","Artiodactyla","Mammalia"
107,"Cervus elaphus","V","Endo","birth weight","annual survival",0.0717,NA,"dif",272,57.0033,"Cervus","Cervidae","Artiodactyla","Mammalia"
107,"Cervus elaphus","V","Endo","birth weight","annual survival",0.02086,NA,"dif",272,57.0033,"Cervus","Cervidae","Artiodactyla","Mammalia"
107,"Cervus elaphus","V","Endo","birth weight","annual survival",0,NA,"dif",272,57.0033,"Cervus","Cervidae","Artiodactyla","Mammalia"
107,"Cervus elaphus","V","Endo","birth weight","annual survival",0,NA,"dif",272,57.0033,"Cervus","Cervidae","Artiodactyla","Mammalia"
107,"Cervus elaphus","V","Endo","birth weight","annual survival",-0.03187,NA,"dif",272,57.0033,"Cervus","Cervidae","Artiodactyla","Mammalia"
107,"Cervus elaphus","V","Endo","birth weight","annual survival",-0.05358,NA,"dif",272,57.0033,"Cervus","Cervidae","Artiodactyla","Mammalia"
107,"Cervus elaphus","V","Endo","birth weight","annual survival",0.00901,NA,"dif",272,57.0033,"Cervus","Cervidae","Artiodactyla","Mammalia"
107,"Cervus elaphus","V","Endo","birth weight","annual survival",-0.02576,NA,"dif",272,57.0033,"Cervus","Cervidae","Artiodactyla","Mammalia"
107,"Cervus elaphus","V","Endo","birth weight","annual survival",-0.00629,NA,"dif",272,57.0033,"Cervus","Cervidae","Artiodactyla","Mammalia"
107,"Cervus elaphus","V","Endo","birth weight","annual survival",-0.01811,NA,"dif",272,57.0033,"Cervus","Cervidae","Artiodactyla","Mammalia"
107,"Cervus elaphus","V","Endo","birth weight","annual survival",0,NA,"dif",272,57.0033,"Cervus","Cervidae","Artiodactyla","Mammalia"
107,"Cervus elaphus","V","Endo","birth weight","annual survival",0,NA,"dif",272,57.0033,"Cervus","Cervidae","Artiodactyla","Mammalia"
107,"Cervus elaphus","V","Endo","birth weight","annual survival",0,NA,"dif",272,57.0033,"Cervus","Cervidae","Artiodactyla","Mammalia"
107,"Cervus elaphus","V","Endo","birth weight","annual survival",-0.0546,NA,"dif",272,57.0033,"Cervus","Cervidae","Artiodactyla","Mammalia"
107,"Cervus elaphus","V","Endo","birth weight","annual survival",0.00799,NA,"dif",272,57.0033,"Cervus","Cervidae","Artiodactyla","Mammalia"
107,"Cervus elaphus","V","Endo","birth weight","annual survival",-0.09575,NA,"dif",272,57.0033,"Cervus","Cervidae","Artiodactyla","Mammalia"
107,"Cervus elaphus","V","Endo","birth weight","annual survival",0.01493,NA,"dif",272,57.0033,"Cervus","Cervidae","Artiodactyla","Mammalia"
107,"Cervus elaphus","V","Endo","birth weight","annual survival",0.03633,NA,"dif",272,57.0033,"Cervus","Cervidae","Artiodactyla","Mammalia"
107,"Cervus elaphus","V","Endo","birth weight","annual survival",0,NA,"dif",272,57.0033,"Cervus","Cervidae","Artiodactyla","Mammalia"
107,"Cervus elaphus","V","Endo","birth weight","annual survival",-0.03888,NA,"dif",272,57.0033,"Cervus","Cervidae","Artiodactyla","Mammalia"
107,"Cervus elaphus","V","Endo","birth weight","annual survival",0.00304,NA,"dif",272,57.0033,"Cervus","Cervidae","Artiodactyla","Mammalia"
107,"Cervus elaphus","V","Endo","birth weight","annual survival",0.04691,NA,"dif",272,57.0033,"Cervus","Cervidae","Artiodactyla","Mammalia"
107,"Cervus elaphus","V","Endo","birth weight","annual survival",0.02341,NA,"dif",272,57.0033,"Cervus","Cervidae","Artiodactyla","Mammalia"
107,"Cervus elaphus","V","Endo","birth weight","annual survival",0.09943,NA,"dif",272,57.0033,"Cervus","Cervidae","Artiodactyla","Mammalia"
107,"Cervus elaphus","V","Endo","birth weight","annual survival",-0.03597,NA,"dif",272,57.0033,"Cervus","Cervidae","Artiodactyla","Mammalia"
107,"Cervus elaphus","V","Endo","birth weight","annual survival",-0.09271,NA,"dif",272,57.0033,"Cervus","Cervidae","Artiodactyla","Mammalia"
107,"Cervus elaphus","V","Endo","birth weight","annual survival",-0.02638,NA,"dif",272,57.0033,"Cervus","Cervidae","Artiodactyla","Mammalia"
107,"Cervus elaphus","V","Endo","birth weight","annual survival",-0.01097,NA,"dif",272,57.0033,"Cervus","Cervidae","Artiodactyla","Mammalia"
107,"Cervus elaphus","V","Endo","birth weight","annual survival",0.04946,NA,"dif",272,57.0033,"Cervus","Cervidae","Artiodactyla","Mammalia"
107,"Cervus elaphus","V","Endo","birth weight","annual survival",0.00646,NA,"dif",272,57.0033,"Cervus","Cervidae","Artiodactyla","Mammalia"
107,"Cervus elaphus","V","Endo","birth weight","annual survival",0.05053,NA,"dif",272,57.0033,"Cervus","Cervidae","Artiodactyla","Mammalia"
107,"Cervus elaphus","V","Endo","birth weight","annual survival",0.00434,NA,"dif",272,57.0033,"Cervus","Cervidae","Artiodactyla","Mammalia"
107,"Cervus elaphus","V","Endo","birth weight","annual survival",-0.05521,NA,"dif",272,57.0033,"Cervus","Cervidae","Artiodactyla","Mammalia"
107,"Cervus elaphus","V","Endo","birth weight","annual survival",0.10193,NA,"dif",272,57.0033,"Cervus","Cervidae","Artiodactyla","Mammalia"
107,"Cervus elaphus","V","Endo","birth weight","annual survival",-0.04037,NA,"dif",272,57.0033,"Cervus","Cervidae","Artiodactyla","Mammalia"
107,"Cervus elaphus","V","Endo","birth weight","annual survival",0.00934,NA,"dif",272,57.0033,"Cervus","Cervidae","Artiodactyla","Mammalia"
107,"Cervus elaphus","V","Endo","birth weight","annual survival",0.03542,NA,"dif",272,57.0033,"Cervus","Cervidae","Artiodactyla","Mammalia"
107,"Cervus elaphus","V","Endo","birth weight","annual survival",0.15615,NA,"dif",272,57.0033,"Cervus","Cervidae","Artiodactyla","Mammalia"
107,"Cervus elaphus","V","Endo","birth weight","annual survival",0.14078,NA,"dif",272,57.0033,"Cervus","Cervidae","Artiodactyla","Mammalia"
107,"Cervus elaphus","V","Endo","birth weight","annual survival",0.68673,NA,"dif",272,57.0033,"Cervus","Cervidae","Artiodactyla","Mammalia"
107,"Cervus elaphus","V","Endo","birth weight","annual survival",0.58541,NA,"dif",272,57.0033,"Cervus","Cervidae","Artiodactyla","Mammalia"
107,"Cervus elaphus","V","Endo","birth weight","annual survival",0.4347,NA,"dif",272,57.0033,"Cervus","Cervidae","Artiodactyla","Mammalia"
107,"Cervus elaphus","V","Endo","birth weight","annual survival",0.27225,NA,"dif",272,57.0033,"Cervus","Cervidae","Artiodactyla","Mammalia"
107,"Cervus elaphus","V","Endo","birth weight","annual survival",0.1588,NA,"dif",272,57.0033,"Cervus","Cervidae","Artiodactyla","Mammalia"
107,"Cervus elaphus","V","Endo","birth weight","annual survival",0.29457,NA,"dif",272,57.0033,"Cervus","Cervidae","Artiodactyla","Mammalia"
107,"Cervus elaphus","V","Endo","birth weight","annual survival",0.36439,NA,"dif",272,57.0033,"Cervus","Cervidae","Artiodactyla","Mammalia"
107,"Cervus elaphus","V","Endo","birth weight","annual survival",0.31563,NA,"dif",272,57.0033,"Cervus","Cervidae","Artiodactyla","Mammalia"
107,"Cervus elaphus","V","Endo","birth weight","annual survival",0.05987,NA,"dif",272,57.0033,"Cervus","Cervidae","Artiodactyla","Mammalia"
107,"Cervus elaphus","V","Endo","birth weight","annual survival",0.31615,NA,"dif",272,57.0033,"Cervus","Cervidae","Artiodactyla","Mammalia"
107,"Cervus elaphus","V","Endo","birth weight","annual survival",0.39997,NA,"dif",272,57.0033,"Cervus","Cervidae","Artiodactyla","Mammalia"
107,"Cervus elaphus","V","Endo","birth weight","annual survival",0.30993,NA,"dif",272,57.0033,"Cervus","Cervidae","Artiodactyla","Mammalia"
107,"Cervus elaphus","V","Endo","birth weight","annual survival",0.58947,NA,"dif",272,57.0033,"Cervus","Cervidae","Artiodactyla","Mammalia"
107,"Cervus elaphus","V","Endo","birth weight","annual survival",0.11523,NA,"dif",272,57.0033,"Cervus","Cervidae","Artiodactyla","Mammalia"
107,"Cervus elaphus","V","Endo","birth weight","annual survival",0.40303,NA,"dif",272,57.0033,"Cervus","Cervidae","Artiodactyla","Mammalia"
107,"Cervus elaphus","V","Endo","birth weight","annual survival",0.14894,NA,"dif",272,57.0033,"Cervus","Cervidae","Artiodactyla","Mammalia"
107,"Cervus elaphus","V","Endo","birth weight","annual survival",0.1582,NA,"dif",272,57.0033,"Cervus","Cervidae","Artiodactyla","Mammalia"
107,"Cervus elaphus","V","Endo","birth weight","annual survival",0.15221,NA,"dif",272,57.0033,"Cervus","Cervidae","Artiodactyla","Mammalia"
107,"Cervus elaphus","V","Endo","birth weight","annual survival",0.08302,NA,"dif",272,57.0033,"Cervus","Cervidae","Artiodactyla","Mammalia"
107,"Cervus elaphus","V","Endo","birth weight","annual survival",0.33271,NA,"dif",272,57.0033,"Cervus","Cervidae","Artiodactyla","Mammalia"
107,"Cervus elaphus","V","Endo","birth weight","annual survival",0.11174,NA,"dif",272,57.0033,"Cervus","Cervidae","Artiodactyla","Mammalia"
107,"Cervus elaphus","V","Endo","birth weight","annual survival",0,NA,"dif",272,57.0033,"Cervus","Cervidae","Artiodactyla","Mammalia"
107,"Cervus elaphus","V","Endo","birth weight","annual survival",-0.09221,NA,"dif",272,57.0033,"Cervus","Cervidae","Artiodactyla","Mammalia"
107,"Cervus elaphus","V","Endo","birth weight","annual survival",0.26978,NA,"dif",272,57.0033,"Cervus","Cervidae","Artiodactyla","Mammalia"
107,"Cervus elaphus","V","Endo","birth weight","annual survival",0.06861,NA,"dif",272,57.0033,"Cervus","Cervidae","Artiodactyla","Mammalia"
107,"Cervus elaphus","V","Endo","birth weight","annual survival",0.04448,NA,"dif",272,57.0033,"Cervus","Cervidae","Artiodactyla","Mammalia"
107,"Cervus elaphus","V","Endo","birth weight","annual survival",-0.45345,NA,"dif",272,57.0033,"Cervus","Cervidae","Artiodactyla","Mammalia"
107,"Cervus elaphus","V","Endo","birth weight","annual survival",0.15468,NA,"dif",272,57.0033,"Cervus","Cervidae","Artiodactyla","Mammalia"
107,"Cervus elaphus","V","Endo","birth weight","annual survival",0.03094,NA,"dif",272,57.0033,"Cervus","Cervidae","Artiodactyla","Mammalia"
107,"Cervus elaphus","V","Endo","birth weight","annual survival",0,NA,"dif",272,57.0033,"Cervus","Cervidae","Artiodactyla","Mammalia"
107,"Cervus elaphus","V","Endo","birth weight","annual survival",0.22565,NA,"dif",272,57.0033,"Cervus","Cervidae","Artiodactyla","Mammalia"
107,"Cervus elaphus","V","Endo","birth weight","annual survival",0,NA,"dif",272,57.0033,"Cervus","Cervidae","Artiodactyla","Mammalia"
107,"Cervus elaphus","V","Endo","birth weight","annual survival",0.08977,NA,"dif",272,57.0033,"Cervus","Cervidae","Artiodactyla","Mammalia"
107,"Cervus elaphus","V","Endo","birth weight","annual survival",0.12812,NA,"dif",272,57.0033,"Cervus","Cervidae","Artiodactyla","Mammalia"
107,"Cervus elaphus","V","Endo","birth weight","annual survival",0.10445,NA,"dif",272,57.0033,"Cervus","Cervidae","Artiodactyla","Mammalia"
107,"Cervus elaphus","V","Endo","birth weight","annual survival",0.03685,NA,"dif",272,57.0033,"Cervus","Cervidae","Artiodactyla","Mammalia"
107,"Cervus elaphus","V","Endo","birth weight","annual survival",0,NA,"dif",272,57.0033,"Cervus","Cervidae","Artiodactyla","Mammalia"
107,"Cervus elaphus","V","Endo","birth weight","annual survival",0.5713,NA,"dif",272,57.0033,"Cervus","Cervidae","Artiodactyla","Mammalia"
107,"Cervus elaphus","V","Endo","birth weight","annual survival",0,NA,"dif",272,57.0033,"Cervus","Cervidae","Artiodactyla","Mammalia"
107,"Cervus elaphus","V","Endo","birth weight","annual survival",0.01963,NA,"dif",272,57.0033,"Cervus","Cervidae","Artiodactyla","Mammalia"
107,"Cervus elaphus","V","Endo","birth weight","annual survival",0,NA,"dif",272,57.0033,"Cervus","Cervidae","Artiodactyla","Mammalia"
107,"Cervus elaphus","V","Endo","birth weight","annual survival",0.11637,NA,"dif",272,57.0033,"Cervus","Cervidae","Artiodactyla","Mammalia"
107,"Cervus elaphus","V","Endo","birth weight","annual survival",-0.01458,NA,"dif",272,57.0033,"Cervus","Cervidae","Artiodactyla","Mammalia"
107,"Cervus elaphus","V","Endo","birth weight","annual survival",0.08802,NA,"dif",272,57.0033,"Cervus","Cervidae","Artiodactyla","Mammalia"
107,"Cervus elaphus","V","Endo","birth weight","annual survival",0.19843,NA,"dif",272,57.0033,"Cervus","Cervidae","Artiodactyla","Mammalia"
107,"Cervus elaphus","V","Endo","birth weight","annual survival",-0.0199,NA,"dif",272,57.0033,"Cervus","Cervidae","Artiodactyla","Mammalia"
107,"Cervus elaphus","V","Endo","birth weight","annual survival",0,NA,"dif",272,57.0033,"Cervus","Cervidae","Artiodactyla","Mammalia"
107,"Cervus elaphus","V","Endo","birth weight","annual survival",-0.17666,NA,"dif",272,57.0033,"Cervus","Cervidae","Artiodactyla","Mammalia"
107,"Cervus elaphus","V","Endo","birth weight","annual survival",0.03989,NA,"dif",272,57.0033,"Cervus","Cervidae","Artiodactyla","Mammalia"
107,"Cervus elaphus","V","Endo","birth weight","annual survival",0,NA,"dif",272,57.0033,"Cervus","Cervidae","Artiodactyla","Mammalia"
107,"Cervus elaphus","V","Endo","birth weight","annual survival",0,NA,"dif",272,57.0033,"Cervus","Cervidae","Artiodactyla","Mammalia"
107,"Cervus elaphus","V","Endo","birth weight","annual survival",0.11378,NA,"dif",272,57.0033,"Cervus","Cervidae","Artiodactyla","Mammalia"
107,"Cervus elaphus","V","Endo","birth weight","annual survival",0,NA,"dif",272,57.0033,"Cervus","Cervidae","Artiodactyla","Mammalia"
107,"Cervus elaphus","V","Endo","birth weight","annual survival",0,NA,"dif",272,57.0033,"Cervus","Cervidae","Artiodactyla","Mammalia"
107,"Cervus elaphus","V","Endo","birth weight","annual survival",0,NA,"dif",272,57.0033,"Cervus","Cervidae","Artiodactyla","Mammalia"
107,"Cervus elaphus","V","Endo","birth weight","annual survival",0,NA,"dif",272,57.0033,"Cervus","Cervidae","Artiodactyla","Mammalia"
107,"Cervus elaphus","V","Endo","birth weight","annual survival",0,NA,"dif",272,57.0033,"Cervus","Cervidae","Artiodactyla","Mammalia"
107,"Cervus elaphus","V","Endo","birth weight","annual survival",0,NA,"dif",272,57.0033,"Cervus","Cervidae","Artiodactyla","Mammalia"
107,"Cervus elaphus","V","Endo","birth weight","annual survival",0,NA,"dif",272,57.0033,"Cervus","Cervidae","Artiodactyla","Mammalia"
107,"Cervus elaphus","V","Endo","birth weight","annual survival",0,NA,"dif",272,57.0033,"Cervus","Cervidae","Artiodactyla","Mammalia"
107,"Cervus elaphus","V","Endo","birth weight","annual survival",0,NA,"dif",272,57.0033,"Cervus","Cervidae","Artiodactyla","Mammalia"
107,"Cervus elaphus","V","Endo","birth weight","annual survival",0,NA,"dif",272,57.0033,"Cervus","Cervidae","Artiodactyla","Mammalia"
107,"Cervus elaphus","V","Endo","birth weight","annual survival",0.16369,NA,"dif",272,57.0033,"Cervus","Cervidae","Artiodactyla","Mammalia"
107,"Cervus elaphus","V","Endo","birth weight","annual survival",0,NA,"dif",272,57.0033,"Cervus","Cervidae","Artiodactyla","Mammalia"
107,"Cervus elaphus","V","Endo","birth weight","annual survival",0,NA,"dif",272,57.0033,"Cervus","Cervidae","Artiodactyla","Mammalia"
107,"Cervus elaphus","V","Endo","birth weight","annual survival",0,NA,"dif",272,57.0033,"Cervus","Cervidae","Artiodactyla","Mammalia"
107,"Cervus elaphus","V","Endo","birth weight","annual survival",0,NA,"dif",272,57.0033,"Cervus","Cervidae","Artiodactyla","Mammalia"
107,"Cervus elaphus","V","Endo","birth weight","annual survival",-0.02452,NA,"dif",272,57.0033,"Cervus","Cervidae","Artiodactyla","Mammalia"
107,"Cervus elaphus","V","Endo","birth weight","annual survival",0.04575,NA,"dif",272,57.0033,"Cervus","Cervidae","Artiodactyla","Mammalia"
107,"Cervus elaphus","V","Endo","birth weight","annual survival",-0.01048,NA,"dif",272,57.0033,"Cervus","Cervidae","Artiodactyla","Mammalia"
107,"Cervus elaphus","V","Endo","birth weight","annual survival",0.15056,NA,"dif",272,57.0033,"Cervus","Cervidae","Artiodactyla","Mammalia"
107,"Cervus elaphus","V","Endo","birth weight","annual survival",0,NA,"dif",272,57.0033,"Cervus","Cervidae","Artiodactyla","Mammalia"
107,"Cervus elaphus","V","Endo","birth weight","annual survival",-0.08654,NA,"dif",272,57.0033,"Cervus","Cervidae","Artiodactyla","Mammalia"
107,"Cervus elaphus","V","Endo","birth weight","annual survival",-0.01128,NA,"dif",272,57.0033,"Cervus","Cervidae","Artiodactyla","Mammalia"
107,"Cervus elaphus","V","Endo","birth weight","annual survival",0.00798,NA,"dif",272,57.0033,"Cervus","Cervidae","Artiodactyla","Mammalia"
107,"Cervus elaphus","V","Endo","birth weight","annual survival",-0.01776,NA,"dif",272,57.0033,"Cervus","Cervidae","Artiodactyla","Mammalia"
107,"Cervus elaphus","V","Endo","birth weight","annual survival",0.03326,NA,"dif",272,57.0033,"Cervus","Cervidae","Artiodactyla","Mammalia"
107,"Cervus elaphus","V","Endo","birth weight","annual survival",0,NA,"dif",272,57.0033,"Cervus","Cervidae","Artiodactyla","Mammalia"
107,"Cervus elaphus","V","Endo","birth weight","annual survival",-0.02101,NA,"dif",272,57.0033,"Cervus","Cervidae","Artiodactyla","Mammalia"
107,"Cervus elaphus","V","Endo","birth weight","annual survival",-0.0386,NA,"dif",272,57.0033,"Cervus","Cervidae","Artiodactyla","Mammalia"
107,"Cervus elaphus","V","Endo","birth weight","annual survival",0,NA,"dif",272,57.0033,"Cervus","Cervidae","Artiodactyla","Mammalia"
107,"Cervus elaphus","V","Endo","birth weight","annual survival",0,NA,"dif",272,57.0033,"Cervus","Cervidae","Artiodactyla","Mammalia"
107,"Cervus elaphus","V","Endo","birth weight","annual survival",0.01583,NA,"dif",272,57.0033,"Cervus","Cervidae","Artiodactyla","Mammalia"
107,"Cervus elaphus","V","Endo","birth weight","annual survival",0.05529,NA,"dif",272,57.0033,"Cervus","Cervidae","Artiodactyla","Mammalia"
107,"Cervus elaphus","V","Endo","birth weight","annual survival",0.01026,NA,"dif",272,57.0033,"Cervus","Cervidae","Artiodactyla","Mammalia"
107,"Cervus elaphus","V","Endo","birth weight","annual survival",0,NA,"dif",272,57.0033,"Cervus","Cervidae","Artiodactyla","Mammalia"
107,"Cervus elaphus","V","Endo","birth weight","annual survival",-0.09312,NA,"dif",272,57.0033,"Cervus","Cervidae","Artiodactyla","Mammalia"
107,"Cervus elaphus","V","Endo","birth weight","annual survival",0.09524,NA,"dif",272,57.0033,"Cervus","Cervidae","Artiodactyla","Mammalia"
107,"Cervus elaphus","V","Endo","birth weight","annual survival",0,NA,"dif",272,57.0033,"Cervus","Cervidae","Artiodactyla","Mammalia"
107,"Cervus elaphus","V","Endo","birth weight","annual survival",0,NA,"dif",272,57.0033,"Cervus","Cervidae","Artiodactyla","Mammalia"
107,"Cervus elaphus","V","Endo","birth weight","annual survival",0.00716,NA,"dif",272,57.0033,"Cervus","Cervidae","Artiodactyla","Mammalia"
107,"Cervus elaphus","V","Endo","birth weight","annual survival",-0.06672,NA,"dif",272,57.0033,"Cervus","Cervidae","Artiodactyla","Mammalia"
107,"Cervus elaphus","V","Endo","birth weight","annual survival",0,NA,"dif",272,57.0033,"Cervus","Cervidae","Artiodactyla","Mammalia"
107,"Cervus elaphus","V","Endo","birth weight","annual survival",0.0405,NA,"dif",272,57.0033,"Cervus","Cervidae","Artiodactyla","Mammalia"
107,"Cervus elaphus","V","Endo","birth weight","annual survival",0,NA,"dif",272,57.0033,"Cervus","Cervidae","Artiodactyla","Mammalia"
107,"Cervus elaphus","V","Endo","birth weight","annual survival",-0.11156,NA,"dif",272,57.0033,"Cervus","Cervidae","Artiodactyla","Mammalia"
107,"Cervus elaphus","V","Endo","birth weight","annual survival",0,NA,"dif",272,57.0033,"Cervus","Cervidae","Artiodactyla","Mammalia"
107,"Cervus elaphus","V","Endo","birth weight","annual survival",0.59434,NA,"dif",272,57.0033,"Cervus","Cervidae","Artiodactyla","Mammalia"
107,"Cervus elaphus","V","Endo","birth weight","annual survival",0,NA,"dif",272,57.0033,"Cervus","Cervidae","Artiodactyla","Mammalia"
107,"Cervus elaphus","V","Endo","birth weight","annual survival",-0.15742,NA,"dif",272,57.0033,"Cervus","Cervidae","Artiodactyla","Mammalia"
107,"Cervus elaphus","V","Endo","birth weight","annual survival",-0.02767,NA,"dif",272,57.0033,"Cervus","Cervidae","Artiodactyla","Mammalia"
107,"Cervus elaphus","V","Endo","birth weight","annual survival",-0.24795,NA,"dif",272,57.0033,"Cervus","Cervidae","Artiodactyla","Mammalia"
107,"Cervus elaphus","V","Endo","birth weight","annual survival",0.06196,NA,"dif",272,57.0033,"Cervus","Cervidae","Artiodactyla","Mammalia"
107,"Cervus elaphus","V","Endo","birth weight","annual survival",-0.02755,NA,"dif",272,57.0033,"Cervus","Cervidae","Artiodactyla","Mammalia"
107,"Cervus elaphus","V","Endo","birth weight","annual survival",-0.01107,NA,"dif",272,57.0033,"Cervus","Cervidae","Artiodactyla","Mammalia"
107,"Cervus elaphus","V","Endo","birth weight","annual survival",-0.07137,NA,"dif",272,57.0033,"Cervus","Cervidae","Artiodactyla","Mammalia"
107,"Cervus elaphus","V","Endo","birth weight","annual survival",-0.04613,NA,"dif",272,57.0033,"Cervus","Cervidae","Artiodactyla","Mammalia"
107,"Cervus elaphus","V","Endo","birth weight","annual survival",0.09323,NA,"dif",272,57.0033,"Cervus","Cervidae","Artiodactyla","Mammalia"
107,"Cervus elaphus","V","Endo","birth weight","annual survival",0.26732,NA,"dif",272,57.0033,"Cervus","Cervidae","Artiodactyla","Mammalia"
107,"Cervus elaphus","V","Endo","birth weight","annual survival",-0.00753,NA,"dif",272,57.0033,"Cervus","Cervidae","Artiodactyla","Mammalia"
107,"Cervus elaphus","V","Endo","birth weight","annual survival",0.03331,NA,"dif",272,57.0033,"Cervus","Cervidae","Artiodactyla","Mammalia"
107,"Cervus elaphus","V","Endo","birth weight","annual survival",-0.00179,NA,"dif",272,57.0033,"Cervus","Cervidae","Artiodactyla","Mammalia"
107,"Cervus elaphus","V","Endo","birth weight","annual survival",-0.08266,NA,"dif",272,57.0033,"Cervus","Cervidae","Artiodactyla","Mammalia"
107,"Cervus elaphus","V","Endo","birth weight","annual survival",0.05337,NA,"dif",272,57.0033,"Cervus","Cervidae","Artiodactyla","Mammalia"
107,"Cervus elaphus","V","Endo","birth weight","annual survival",-0.17722,NA,"dif",272,57.0033,"Cervus","Cervidae","Artiodactyla","Mammalia"
107,"Cervus elaphus","V","Endo","birth weight","annual survival",0,NA,"dif",272,57.0033,"Cervus","Cervidae","Artiodactyla","Mammalia"
107,"Cervus elaphus","V","Endo","birth weight","annual survival",-8e-05,NA,"dif",272,57.0033,"Cervus","Cervidae","Artiodactyla","Mammalia"
107,"Cervus elaphus","V","Endo","birth weight","annual survival",0,NA,"dif",272,57.0033,"Cervus","Cervidae","Artiodactyla","Mammalia"
107,"Cervus elaphus","V","Endo","birth weight","annual survival",-0.04829,NA,"dif",272,57.0033,"Cervus","Cervidae","Artiodactyla","Mammalia"
107,"Cervus elaphus","V","Endo","birth weight","annual survival",-0.23683,NA,"dif",272,57.0033,"Cervus","Cervidae","Artiodactyla","Mammalia"
107,"Cervus elaphus","V","Endo","birth weight","annual survival",0,NA,"dif",272,57.0033,"Cervus","Cervidae","Artiodactyla","Mammalia"
152,"Cervus elaphus","V","Endo","birth weight","survival",0.071207305,NA,"dif",-11,57.0412,"Cervus","Cervidae","Artiodactyla","Mammalia"
152,"Cervus elaphus","V","Endo","birth weight","survival",-0.026540087,NA,"dif",-11,57.0412,"Cervus","Cervidae","Artiodactyla","Mammalia"
152,"Cervus elaphus","V","Endo","birth weight","survival",0.133611211,NA,"dif",-11,57.0412,"Cervus","Cervidae","Artiodactyla","Mammalia"
152,"Cervus elaphus","V","Endo","birth weight","survival",-0.01186449,NA,"dif",-11,57.0412,"Cervus","Cervidae","Artiodactyla","Mammalia"
152,"Cervus elaphus","V","Endo","birth weight","survival",0.115111445,NA,"dif",-11,57.0412,"Cervus","Cervidae","Artiodactyla","Mammalia"
152,"Cervus elaphus","V","Endo","birth weight","survival",0.027768772,NA,"dif",-11,57.0412,"Cervus","Cervidae","Artiodactyla","Mammalia"
152,"Cervus elaphus","V","Endo","birth weight","survival",0.000730647,NA,"dif",-11,57.0412,"Cervus","Cervidae","Artiodactyla","Mammalia"
152,"Cervus elaphus","V","Endo","birth weight","survival",0.041665476,NA,"dif",-11,57.0412,"Cervus","Cervidae","Artiodactyla","Mammalia"
152,"Cervus elaphus","V","Endo","birth weight","survival",0.067547753,NA,"dif",-11,57.0412,"Cervus","Cervidae","Artiodactyla","Mammalia"
152,"Cervus elaphus","V","Endo","birth weight","survival",0.062168052,NA,"dif",-11,57.0412,"Cervus","Cervidae","Artiodactyla","Mammalia"
152,"Cervus elaphus","V","Endo","birth weight","survival",0.010417141,NA,"dif",-11,57.0412,"Cervus","Cervidae","Artiodactyla","Mammalia"
152,"Cervus elaphus","V","Endo","birth weight","survival",-0.016791235,NA,"dif",-11,57.0412,"Cervus","Cervidae","Artiodactyla","Mammalia"
152,"Cervus elaphus","V","Endo","birth weight","survival",0.032080331,NA,"dif",-11,57.0412,"Cervus","Cervidae","Artiodactyla","Mammalia"
152,"Cervus elaphus","V","Endo","birth weight","survival",0.106011104,NA,"dif",-11,57.0412,"Cervus","Cervidae","Artiodactyla","Mammalia"
152,"Cervus elaphus","V","Endo","birth weight","survival",0.061371067,NA,"dif",-11,57.0412,"Cervus","Cervidae","Artiodactyla","Mammalia"
152,"Cervus elaphus","V","Endo","birth weight","survival",0.044285372,NA,"dif",-11,57.0412,"Cervus","Cervidae","Artiodactyla","Mammalia"
152,"Cervus elaphus","V","Endo","birth weight","survival",0.031392601,NA,"dif",-11,57.0412,"Cervus","Cervidae","Artiodactyla","Mammalia"
152,"Cervus elaphus","V","Endo","birth weight","survival",0.06640524,NA,"dif",-11,57.0412,"Cervus","Cervidae","Artiodactyla","Mammalia"
152,"Cervus elaphus","V","Endo","birth weight","survival",0.055181178,NA,"dif",-11,57.0412,"Cervus","Cervidae","Artiodactyla","Mammalia"
152,"Cervus elaphus","V","Endo","birth weight","survival",-0.00648552,NA,"dif",-11,57.0412,"Cervus","Cervidae","Artiodactyla","Mammalia"
152,"Cervus elaphus","V","Endo","birth weight","survival",0.062170248,NA,"dif",-11,57.0412,"Cervus","Cervidae","Artiodactyla","Mammalia"
152,"Cervus elaphus","V","Endo","birth weight","survival",0.036140944,NA,"dif",-11,57.0412,"Cervus","Cervidae","Artiodactyla","Mammalia"
152,"Cervus elaphus","V","Endo","birth weight","survival",0.038735252,NA,"dif",-11,57.0412,"Cervus","Cervidae","Artiodactyla","Mammalia"
152,"Cervus elaphus","V","Endo","birth weight","survival",0.073479152,NA,"dif",-11,57.0412,"Cervus","Cervidae","Artiodactyla","Mammalia"
152,"Cervus elaphus","V","Endo","birth weight","survival",0.044808324,NA,"dif",-11,57.0412,"Cervus","Cervidae","Artiodactyla","Mammalia"
152,"Cervus elaphus","V","Endo","birth weight","survival",0.078357493,NA,"dif",-11,57.0412,"Cervus","Cervidae","Artiodactyla","Mammalia"
152,"Cervus elaphus","V","Endo","birth weight","survival",0.015603874,NA,"dif",-11,57.0412,"Cervus","Cervidae","Artiodactyla","Mammalia"
152,"Cervus elaphus","V","Endo","birth weight","survival",0.016830689,NA,"dif",-11,57.0412,"Cervus","Cervidae","Artiodactyla","Mammalia"
152,"Cervus elaphus","V","Endo","birth weight","survival",0.032906799,NA,"dif",-11,57.0412,"Cervus","Cervidae","Artiodactyla","Mammalia"
152,"Cervus elaphus","V","Endo","birth weight","survival",0.037593507,NA,"dif",-11,57.0412,"Cervus","Cervidae","Artiodactyla","Mammalia"
152,"Cervus elaphus","V","Endo","birth weight","survival",0.006932351,NA,"dif",-11,57.0412,"Cervus","Cervidae","Artiodactyla","Mammalia"
106,"Crocidura russula","V","Endo","body mass","viability selection",0.12,0.07,"dif",696,45.5167,"Crocidura","Soricidae","Eulipotyphla","Mammalia"
106,"Crocidura russula","V","Endo","body mass","viability selection",0.04,0.3,"dif",696,45.5167,"Crocidura","Soricidae","Eulipotyphla","Mammalia"
106,"Crocidura russula","V","Endo","body mass","viability selection",0.09,0.21,"dif",696,45.5167,"Crocidura","Soricidae","Eulipotyphla","Mammalia"
106,"Crocidura russula","V","Endo","body mass","viability selection",0.01,0.06,"dif",696,45.5167,"Crocidura","Soricidae","Eulipotyphla","Mammalia"
106,"Crocidura russula","V","Endo","body mass","viability selection",0.29,0.07,"dif",696,45.5167,"Crocidura","Soricidae","Eulipotyphla","Mammalia"
106,"Crocidura russula","V","Endo","body mass","viability selection",0.03,0.22,"dif",696,45.5167,"Crocidura","Soricidae","Eulipotyphla","Mammalia"
109,"Esox lucius","V","Ecto","body length","survival",0.312038771,NA,"dif",40,54.37,"Esox","Esocidae","Salmoniformes","Actinopterygii"
109,"Esox lucius","V","Ecto","body length","survival",0.146671372,NA,"dif",40,54.37,"Esox","Esocidae","Salmoniformes","Actinopterygii"
109,"Esox lucius","V","Ecto","body length","survival",0.010096664,NA,"dif",40,54.37,"Esox","Esocidae","Salmoniformes","Actinopterygii"
109,"Esox lucius","V","Ecto","body length","survival",0.276398199,NA,"dif",40,54.37,"Esox","Esocidae","Salmoniformes","Actinopterygii"
109,"Esox lucius","V","Ecto","body length","survival",-0.171971452,NA,"dif",40,54.37,"Esox","Esocidae","Salmoniformes","Actinopterygii"
109,"Esox lucius","V","Ecto","body length","survival",0.143376632,NA,"dif",40,54.37,"Esox","Esocidae","Salmoniformes","Actinopterygii"
109,"Esox lucius","V","Ecto","body length","survival",0.037083653,NA,"dif",40,54.37,"Esox","Esocidae","Salmoniformes","Actinopterygii"
109,"Esox lucius","V","Ecto","body length","survival",0.118054634,NA,"dif",40,54.37,"Esox","Esocidae","Salmoniformes","Actinopterygii"
109,"Esox lucius","V","Ecto","body length","survival",0.208596848,NA,"dif",40,54.37,"Esox","Esocidae","Salmoniformes","Actinopterygii"
109,"Esox lucius","V","Ecto","body length","survival",0.182944874,NA,"dif",40,54.37,"Esox","Esocidae","Salmoniformes","Actinopterygii"
109,"Esox lucius","V","Ecto","body length","survival",-0.013407552,NA,"dif",40,54.37,"Esox","Esocidae","Salmoniformes","Actinopterygii"
109,"Esox lucius","V","Ecto","body length","survival",0.102359502,NA,"dif",40,54.37,"Esox","Esocidae","Salmoniformes","Actinopterygii"
109,"Esox lucius","V","Ecto","body length","survival",0.141188596,NA,"dif",40,54.37,"Esox","Esocidae","Salmoniformes","Actinopterygii"
109,"Esox lucius","V","Ecto","body length","survival",0.114339762,NA,"dif",40,54.37,"Esox","Esocidae","Salmoniformes","Actinopterygii"
109,"Esox lucius","V","Ecto","body length","survival",0.456432223,NA,"dif",40,54.37,"Esox","Esocidae","Salmoniformes","Actinopterygii"
109,"Esox lucius","V","Ecto","body length","survival",0.312592956,NA,"dif",40,54.37,"Esox","Esocidae","Salmoniformes","Actinopterygii"
109,"Esox lucius","V","Ecto","body length","survival",0.122612796,NA,"dif",40,54.37,"Esox","Esocidae","Salmoniformes","Actinopterygii"
109,"Esox lucius","V","Ecto","body length","survival",0.104881441,NA,"dif",40,54.37,"Esox","Esocidae","Salmoniformes","Actinopterygii"
109,"Esox lucius","V","Ecto","body length","survival",0.232106043,NA,"dif",40,54.37,"Esox","Esocidae","Salmoniformes","Actinopterygii"
109,"Esox lucius","V","Ecto","body length","survival",0.129487571,NA,"dif",40,54.37,"Esox","Esocidae","Salmoniformes","Actinopterygii"
109,"Esox lucius","V","Ecto","body length","survival",0.080874716,NA,"dif",40,54.37,"Esox","Esocidae","Salmoniformes","Actinopterygii"
109,"Esox lucius","V","Ecto","body length","survival",0.09912387,NA,"dif",40,54.37,"Esox","Esocidae","Salmoniformes","Actinopterygii"
109,"Esox lucius","V","Ecto","body length","survival",0.030100506,NA,"dif",40,54.37,"Esox","Esocidae","Salmoniformes","Actinopterygii"
109,"Esox lucius","V","Ecto","body length","survival",0.18124958,NA,"dif",40,54.37,"Esox","Esocidae","Salmoniformes","Actinopterygii"
109,"Esox lucius","V","Ecto","body length","survival",0.392213639,NA,"dif",40,54.37,"Esox","Esocidae","Salmoniformes","Actinopterygii"
109,"Esox lucius","V","Ecto","body length","survival",-0.035704205,NA,"dif",40,54.37,"Esox","Esocidae","Salmoniformes","Actinopterygii"
109,"Esox lucius","V","Ecto","body length","survival",0.241132619,NA,"dif",40,54.37,"Esox","Esocidae","Salmoniformes","Actinopterygii"
109,"Esox lucius","V","Ecto","body length","survival",-0.17470713,NA,"dif",40,54.37,"Esox","Esocidae","Salmoniformes","Actinopterygii"
109,"Esox lucius","V","Ecto","body length","survival",0.186601625,NA,"dif",40,54.37,"Esox","Esocidae","Salmoniformes","Actinopterygii"
109,"Esox lucius","V","Ecto","body length","survival",0.22233095,NA,"dif",40,54.37,"Esox","Esocidae","Salmoniformes","Actinopterygii"
109,"Esox lucius","V","Ecto","body length","survival",0.331013944,NA,"dif",40,54.37,"Esox","Esocidae","Salmoniformes","Actinopterygii"
109,"Esox lucius","V","Ecto","body length","survival",0.229519189,NA,"dif",40,54.37,"Esox","Esocidae","Salmoniformes","Actinopterygii"
109,"Esox lucius","V","Ecto","body length","survival",0.247375891,NA,"dif",40,54.37,"Esox","Esocidae","Salmoniformes","Actinopterygii"
109,"Esox lucius","V","Ecto","body length","survival",0.173318789,NA,"dif",40,54.37,"Esox","Esocidae","Salmoniformes","Actinopterygii"
65,"Ficedula albicollis","V","Endo","fledgling mass","survival",0.2442,NA,"dif",26,57.1667,"Ficedula","Muscicapidae","Passeriformes","Ave"
65,"Ficedula albicollis","V","Endo","fledgling mass","survival",0.1809,NA,"dif",26,57.1667,"Ficedula","Muscicapidae","Passeriformes","Ave"
65,"Ficedula albicollis","V","Endo","fledgling mass","survival",0.3064,NA,"dif",26,57.1667,"Ficedula","Muscicapidae","Passeriformes","Ave"
65,"Ficedula albicollis","V","Endo","fledgling mass","survival",0.2618,NA,"dif",26,57.1667,"Ficedula","Muscicapidae","Passeriformes","Ave"
65,"Ficedula albicollis","V","Endo","fledgling mass","survival",0.0666,NA,"dif",26,57.1667,"Ficedula","Muscicapidae","Passeriformes","Ave"
65,"Ficedula albicollis","V","Endo","fledgling mass","survival",0.267,NA,"dif",26,57.1667,"Ficedula","Muscicapidae","Passeriformes","Ave"
61,"Negaprion brevirostris","V","Ecto","body mass","survival",-0.017,NA,"dif",8,25.745,"Negaprion","Carcharhinidae","Elasmobranchii","Chondrichthyes"
61,"Negaprion brevirostris","V","Ecto","body mass","survival",-0.23,NA,"dif",8,25.745,"Negaprion","Carcharhinidae","Elasmobranchii","Chondrichthyes"
61,"Negaprion brevirostris","V","Ecto","body mass","survival",-0.094,NA,"dif",8,25.745,"Negaprion","Carcharhinidae","Elasmobranchii","Chondrichthyes"
61,"Negaprion brevirostris","V","Ecto","body mass","survival",-0.027,NA,"dif",8,25.745,"Negaprion","Carcharhinidae","Elasmobranchii","Chondrichthyes"
61,"Negaprion brevirostris","V","Ecto","body mass","survival",0.022,NA,"dif",8,25.745,"Negaprion","Carcharhinidae","Elasmobranchii","Chondrichthyes"
61,"Negaprion brevirostris","V","Ecto","body mass","survival",-0.0083,NA,"dif",8,25.745,"Negaprion","Carcharhinidae","Elasmobranchii","Chondrichthyes"
61,"Negaprion brevirostris","V","Ecto","body mass","survival",-0.086805256,NA,"dif",8,25.745,"Negaprion","Carcharhinidae","Elasmobranchii","Chondrichthyes"
61,"Negaprion brevirostris","V","Ecto","body mass","survival",-0.115770768,NA,"dif",8,25.745,"Negaprion","Carcharhinidae","Elasmobranchii","Chondrichthyes"
61,"Negaprion brevirostris","V","Ecto","body mass","survival",-0.056592587,NA,"dif",8,25.745,"Negaprion","Carcharhinidae","Elasmobranchii","Chondrichthyes"
61,"Negaprion brevirostris","V","Ecto","body mass","survival",-0.114658356,NA,"dif",8,25.745,"Negaprion","Carcharhinidae","Elasmobranchii","Chondrichthyes"
61,"Negaprion brevirostris","V","Ecto","body mass","survival",0.124999443,NA,"dif",8,25.745,"Negaprion","Carcharhinidae","Elasmobranchii","Chondrichthyes"
61,"Negaprion brevirostris","V","Ecto","body mass","survival",-0.063,NA,"dif",8,25.745,"Negaprion","Carcharhinidae","Elasmobranchii","Chondrichthyes"
61,"Negaprion brevirostris","V","Ecto","body mass","survival",-0.32,NA,"dif",8,25.745,"Negaprion","Carcharhinidae","Elasmobranchii","Chondrichthyes"
61,"Negaprion brevirostris","V","Ecto","body mass","survival",-0.36,NA,"dif",8,25.745,"Negaprion","Carcharhinidae","Elasmobranchii","Chondrichthyes"
61,"Negaprion brevirostris","V","Ecto","body mass","survival",-0.18,NA,"dif",8,25.745,"Negaprion","Carcharhinidae","Elasmobranchii","Chondrichthyes"
61,"Negaprion brevirostris","V","Ecto","body mass","survival",-0.27,NA,"dif",8,25.745,"Negaprion","Carcharhinidae","Elasmobranchii","Chondrichthyes"
61,"Negaprion brevirostris","V","Ecto","body mass","survival",-0.00134272,NA,"dif",8,25.745,"Negaprion","Carcharhinidae","Elasmobranchii","Chondrichthyes"
61,"Negaprion brevirostris","V","Ecto","body mass","survival",-0.056511789,NA,"dif",8,25.745,"Negaprion","Carcharhinidae","Elasmobranchii","Chondrichthyes"
61,"Negaprion brevirostris","V","Ecto","body mass","survival",-0.031634929,NA,"dif",8,25.745,"Negaprion","Carcharhinidae","Elasmobranchii","Chondrichthyes"
61,"Negaprion brevirostris","V","Ecto","body mass","survival",-0.044497975,NA,"dif",8,25.745,"Negaprion","Carcharhinidae","Elasmobranchii","Chondrichthyes"
61,"Negaprion brevirostris","V","Ecto","body mass","survival",0.027995147,NA,"dif",8,25.745,"Negaprion","Carcharhinidae","Elasmobranchii","Chondrichthyes"
111,"Oncorhynchus nerka","V","Ecto","body size-at-maturity","survival",-0.028638768,NA,"dif",19,59.3217,"Oncorhynchus","Salmonidae","Salmoniformes","Actinopterygii"
111,"Oncorhynchus nerka","V","Ecto","body size-at-maturity","survival",-0.028080826,NA,"dif",19,59.3217,"Oncorhynchus","Salmonidae","Salmoniformes","Actinopterygii"
111,"Oncorhynchus nerka","V","Ecto","body size-at-maturity","survival",-0.058169484,NA,"dif",19,59.3217,"Oncorhynchus","Salmonidae","Salmoniformes","Actinopterygii"
111,"Oncorhynchus nerka","V","Ecto","body size-at-maturity","survival",-0.024917143,NA,"dif",19,59.3217,"Oncorhynchus","Salmonidae","Salmoniformes","Actinopterygii"
111,"Oncorhynchus nerka","V","Ecto","body size-at-maturity","survival",-0.014767977,NA,"dif",19,59.3217,"Oncorhynchus","Salmonidae","Salmoniformes","Actinopterygii"
111,"Oncorhynchus nerka","V","Ecto","body size-at-maturity","survival",-0.084901556,NA,"dif",19,59.3217,"Oncorhynchus","Salmonidae","Salmoniformes","Actinopterygii"
111,"Oncorhynchus nerka","V","Ecto","body size-at-maturity","survival",-0.134879253,NA,"dif",19,59.3217,"Oncorhynchus","Salmonidae","Salmoniformes","Actinopterygii"
111,"Oncorhynchus nerka","V","Ecto","body size-at-maturity","survival",-0.054523025,NA,"dif",19,59.3217,"Oncorhynchus","Salmonidae","Salmoniformes","Actinopterygii"
111,"Oncorhynchus nerka","V","Ecto","body size-at-maturity","survival",-0.064706569,NA,"dif",19,59.3217,"Oncorhynchus","Salmonidae","Salmoniformes","Actinopterygii"
111,"Oncorhynchus nerka","V","Ecto","body size-at-maturity","survival",-0.089306109,NA,"dif",19,59.3217,"Oncorhynchus","Salmonidae","Salmoniformes","Actinopterygii"
111,"Oncorhynchus nerka","V","Ecto","body size-at-maturity","survival",-0.036295826,NA,"dif",19,59.3217,"Oncorhynchus","Salmonidae","Salmoniformes","Actinopterygii"
111,"Oncorhynchus nerka","V","Ecto","body size-at-maturity","survival",-0.114693044,NA,"dif",19,59.3217,"Oncorhynchus","Salmonidae","Salmoniformes","Actinopterygii"
111,"Oncorhynchus nerka","V","Ecto","body size-at-maturity","survival",-0.063224877,NA,"dif",19,59.3217,"Oncorhynchus","Salmonidae","Salmoniformes","Actinopterygii"
111,"Oncorhynchus nerka","V","Ecto","body size-at-maturity","survival",-0.002419959,NA,"dif",19,59.3217,"Oncorhynchus","Salmonidae","Salmoniformes","Actinopterygii"
111,"Oncorhynchus nerka","V","Ecto","body size-at-maturity","survival",-0.041515614,NA,"dif",19,59.3217,"Oncorhynchus","Salmonidae","Salmoniformes","Actinopterygii"
111,"Oncorhynchus nerka","V","Ecto","body size-at-maturity","survival",-0.104123578,NA,"dif",19,59.3217,"Oncorhynchus","Salmonidae","Salmoniformes","Actinopterygii"
111,"Oncorhynchus nerka","V","Ecto","body size-at-maturity","survival",-0.300351701,NA,"dif",19,59.3217,"Oncorhynchus","Salmonidae","Salmoniformes","Actinopterygii"
111,"Oncorhynchus nerka","V","Ecto","body size-at-maturity","survival",-0.097113132,NA,"dif",19,59.3217,"Oncorhynchus","Salmonidae","Salmoniformes","Actinopterygii"
111,"Oncorhynchus nerka","V","Ecto","body size-at-maturity","survival",-0.130018194,NA,"dif",19,59.3217,"Oncorhynchus","Salmonidae","Salmoniformes","Actinopterygii"
62,"Parus major","V","Endo","fledgling mass","survival",0.095,0.175,"dif",114,51.7667,"Parus","Paridae","Passeriformes","Ave"
62,"Parus major","V","Endo","fledgling mass","survival",0.405,0.239,"dif",114,51.7667,"Parus","Paridae","Passeriformes","Ave"
62,"Parus major","V","Endo","fledgling mass","survival",0.06,0.168,"dif",114,51.7667,"Parus","Paridae","Passeriformes","Ave"
62,"Parus major","V","Endo","fledgling mass","survival",0.019,0.171,"dif",114,51.7667,"Parus","Paridae","Passeriformes","Ave"
62,"Parus major","V","Endo","fledgling mass","survival",-0.208,0.229,"dif",114,51.7667,"Parus","Paridae","Passeriformes","Ave"
62,"Parus major","V","Endo","fledgling mass","survival",0.164,0.187,"dif",114,51.7667,"Parus","Paridae","Passeriformes","Ave"
62,"Parus major","V","Endo","fledgling mass","survival",0.361,0.163,"dif",114,51.7667,"Parus","Paridae","Passeriformes","Ave"
62,"Parus major","V","Endo","fledgling mass","survival",0.04,0.143,"dif",114,51.7667,"Parus","Paridae","Passeriformes","Ave"
62,"Parus major","V","Endo","fledgling mass","survival",0.361,0.176,"dif",114,51.7667,"Parus","Paridae","Passeriformes","Ave"
62,"Parus major","V","Endo","fledgling mass","survival",0.161,0.134,"dif",114,51.7667,"Parus","Paridae","Passeriformes","Ave"
62,"Parus major","V","Endo","fledgling mass","survival",0.536,0.231,"dif",114,51.7667,"Parus","Paridae","Passeriformes","Ave"
62,"Parus major","V","Endo","fledgling mass","survival",0.184,0.095,"dif",114,51.7667,"Parus","Paridae","Passeriformes","Ave"
62,"Parus major","V","Endo","fledgling mass","survival",0.228,0.116,"dif",114,51.7667,"Parus","Paridae","Passeriformes","Ave"
62,"Parus major","V","Endo","fledgling mass","survival",0.071,0.111,"dif",114,51.7667,"Parus","Paridae","Passeriformes","Ave"
62,"Parus major","V","Endo","fledgling mass","survival",0.056,0.083,"dif",114,51.7667,"Parus","Paridae","Passeriformes","Ave"
62,"Parus major","V","Endo","fledgling mass","survival",0.008,0.07,"dif",114,51.7667,"Parus","Paridae","Passeriformes","Ave"
62,"Parus major","V","Endo","fledgling mass","survival",0.222,0.107,"dif",114,51.7667,"Parus","Paridae","Passeriformes","Ave"
62,"Parus major","V","Endo","fledgling mass","survival",0.244,0.062,"dif",114,51.7667,"Parus","Paridae","Passeriformes","Ave"
62,"Parus major","V","Endo","fledgling mass","survival",0.066,0.082,"dif",114,51.7667,"Parus","Paridae","Passeriformes","Ave"
62,"Parus major","V","Endo","fledgling mass","survival",0.296,0.129,"dif",114,51.7667,"Parus","Paridae","Passeriformes","Ave"
62,"Parus major","V","Endo","fledgling mass","survival",0.288,0.083,"dif",114,51.7667,"Parus","Paridae","Passeriformes","Ave"
62,"Parus major","V","Endo","fledgling mass","survival",0.034,0.078,"dif",114,51.7667,"Parus","Paridae","Passeriformes","Ave"
62,"Parus major","V","Endo","fledgling mass","survival",0.149,0.061,"dif",114,51.7667,"Parus","Paridae","Passeriformes","Ave"
62,"Parus major","V","Endo","fledgling mass","survival",0.506,0.113,"dif",114,51.7667,"Parus","Paridae","Passeriformes","Ave"
62,"Parus major","V","Endo","fledgling mass","survival",0.353,0.078,"dif",114,51.7667,"Parus","Paridae","Passeriformes","Ave"
62,"Parus major","V","Endo","fledgling mass","survival",0.187,0.128,"dif",114,51.7667,"Parus","Paridae","Passeriformes","Ave"
62,"Parus major","V","Endo","fledgling mass","survival",0.332,0.099,"dif",114,51.7667,"Parus","Paridae","Passeriformes","Ave"
62,"Parus major","V","Endo","fledgling mass","survival",0.136,0.07,"dif",114,51.7667,"Parus","Paridae","Passeriformes","Ave"
62,"Parus major","V","Endo","fledgling mass","survival",0.109,0.063,"dif",114,51.7667,"Parus","Paridae","Passeriformes","Ave"
62,"Parus major","V","Endo","fledgling mass","survival",0.331,0.082,"dif",114,51.7667,"Parus","Paridae","Passeriformes","Ave"
62,"Parus major","V","Endo","fledgling mass","survival",0.271,0.059,"dif",114,51.7667,"Parus","Paridae","Passeriformes","Ave"
62,"Parus major","V","Endo","fledgling mass","survival",0.033,0.078,"dif",114,51.7667,"Parus","Paridae","Passeriformes","Ave"
62,"Parus major","V","Endo","fledgling mass","survival",0.155,0.071,"dif",114,51.7667,"Parus","Paridae","Passeriformes","Ave"
62,"Parus major","V","Endo","fledgling mass","survival",0.28,0.094,"dif",114,51.7667,"Parus","Paridae","Passeriformes","Ave"
62,"Parus major","V","Endo","fledgling mass","survival",0.438,0.124,"dif",114,51.7667,"Parus","Paridae","Passeriformes","Ave"
62,"Parus major","V","Endo","fledgling mass","survival",0.071,0.068,"dif",114,51.7667,"Parus","Paridae","Passeriformes","Ave"
65,"Parus major","V","Endo","fledgling mass","survival",0.0824,NA,"dif",26,57.1667,"Parus","Paridae","Passeriformes","Ave"
65,"Parus major","V","Endo","fledgling mass","survival",0.0664,NA,"dif",26,57.1667,"Parus","Paridae","Passeriformes","Ave"
65,"Parus major","V","Endo","fledgling mass","survival",-0.0188,NA,"dif",26,57.1667,"Parus","Paridae","Passeriformes","Ave"
65,"Parus major","V","Endo","fledgling mass","survival",0.1548,NA,"dif",26,57.1667,"Parus","Paridae","Passeriformes","Ave"
65,"Parus major","V","Endo","fledgling mass","survival",0.3815,NA,"dif",26,57.1667,"Parus","Paridae","Passeriformes","Ave"
75,"Salmo salar","V","Ecto","body mass (immature fish)","Age-1 winter survival",0.01,NA,"dif",124,42.4167,"Salmo","Salmonidae","Salmoniformes","Actinopterygii"
75,"Salmo salar","V","Ecto","body mass (immature fish)","Age-1 winter survival",-0.02,NA,"dif",124,42.4167,"Salmo","Salmonidae","Salmoniformes","Actinopterygii"
75,"Salmo salar","V","Ecto","body mass (immature fish)","Age-1 winter survival",0,NA,"dif",124,42.4167,"Salmo","Salmonidae","Salmoniformes","Actinopterygii"
75,"Salmo salar","V","Ecto","body mass (immature + mature fish)","Age-1 winter survival",0.02,NA,"dif",124,42.4167,"Salmo","Salmonidae","Salmoniformes","Actinopterygii"
75,"Salmo salar","V","Ecto","body mass (immature + mature fish)","Age-1 winter survival",-0.01,NA,"dif",124,42.4167,"Salmo","Salmonidae","Salmoniformes","Actinopterygii"
75,"Salmo salar","V","Ecto","body mass (immature + mature fish)","Age-1 winter survival",0,NA,"dif",124,42.4167,"Salmo","Salmonidae","Salmoniformes","Actinopterygii"
75,"Salmo salar","V","Ecto","body mass (immature fish)","Age-2 winter survival",-0.01,NA,"dif",124,42.4167,"Salmo","Salmonidae","Salmoniformes","Actinopterygii"
75,"Salmo salar","V","Ecto","body mass (immature fish)","Age-2 winter survival",-0.14,NA,"dif",124,42.4167,"Salmo","Salmonidae","Salmoniformes","Actinopterygii"
75,"Salmo salar","V","Ecto","body mass (immature fish)","Age-2 winter survival",-0.27,NA,"dif",124,42.4167,"Salmo","Salmonidae","Salmoniformes","Actinopterygii"
75,"Salmo salar","V","Ecto","body mass (immature + mature fish)","Age-2 winter survival",-0.15,NA,"dif",124,42.4167,"Salmo","Salmonidae","Salmoniformes","Actinopterygii"
75,"Salmo salar","V","Ecto","body mass (immature + mature fish)","Age-2 winter survival",-0.07,NA,"dif",124,42.4167,"Salmo","Salmonidae","Salmoniformes","Actinopterygii"
75,"Salmo salar","V","Ecto","body mass (immature + mature fish)","Age-2 winter survival",-0.27,NA,"dif",124,42.4167,"Salmo","Salmonidae","Salmoniformes","Actinopterygii"
75,"Salmo salar","V","Ecto","body mass (immature fish)","Age-1 summer survival",-0.03,NA,"dif",124,42.4167,"Salmo","Salmonidae","Salmoniformes","Actinopterygii"
75,"Salmo salar","V","Ecto","body mass (immature fish)","Age-1 summer survival",0.1,NA,"dif",124,42.4167,"Salmo","Salmonidae","Salmoniformes","Actinopterygii"
75,"Salmo salar","V","Ecto","body mass (immature fish)","Age-1 summer survival",0.04,NA,"dif",124,42.4167,"Salmo","Salmonidae","Salmoniformes","Actinopterygii"
75,"Salmo salar","V","Ecto","body mass (immature fish)","Age-1 summer survival",0.02,NA,"dif",124,42.4167,"Salmo","Salmonidae","Salmoniformes","Actinopterygii"
75,"Salmo salar","V","Ecto","body mass (immature + mature fish)","Age-1 summer survival",-0.03,NA,"dif",124,42.4167,"Salmo","Salmonidae","Salmoniformes","Actinopterygii"
75,"Salmo salar","V","Ecto","body mass (immature + mature fish)","Age-1 summer survival",0.08,NA,"dif",124,42.4167,"Salmo","Salmonidae","Salmoniformes","Actinopterygii"
75,"Salmo salar","V","Ecto","body mass (immature + mature fish)","Age-1 summer survival",0.01,NA,"dif",124,42.4167,"Salmo","Salmonidae","Salmoniformes","Actinopterygii"
75,"Salmo salar","V","Ecto","body mass (immature + mature fish)","Age-1 summer survival",0,NA,"dif",124,42.4167,"Salmo","Salmonidae","Salmoniformes","Actinopterygii"
86,"Salmo salar","V","Ecto","body mass","0+ fall to 0+ prewinter survival -accounting for emigration",-0.058,0.032,"dif",124,42.4167,"Salmo","Salmonidae","Salmoniformes","Actinopterygii"
86,"Salmo salar","V","Ecto","body mass","0+ prewinter to 1+ spring survival -accounting for emigration",0.045,0.049,"dif",124,42.4167,"Salmo","Salmonidae","Salmoniformes","Actinopterygii"
86,"Salmo salar","V","Ecto","body mass","1+ spring to 1+ summer survival -accounting for emigration",-0.036,0.033,"dif",124,42.4167,"Salmo","Salmonidae","Salmoniformes","Actinopterygii"
86,"Salmo salar","V","Ecto","body mass","1+ summer to 1+ fall survival -accounting for emigration",-0.023,0.034,"dif",124,42.4167,"Salmo","Salmonidae","Salmoniformes","Actinopterygii"
86,"Salmo salar","V","Ecto","body mass","1+ fall to 1+ prewinter survival -accounting for emigration",-0.09,0.048,"dif",124,42.4167,"Salmo","Salmonidae","Salmoniformes","Actinopterygii"
86,"Salmo salar","V","Ecto","body mass","1+ prewinter to 2+ summer survival -accounting for emigration",0.075,0.037,"dif",124,42.4167,"Salmo","Salmonidae","Salmoniformes","Actinopterygii"
86,"Salmo salar","V","Ecto","body mass","0+ fall to 0+ prewinter survival -accounting for emigration",0.023,0.029,"dif",124,42.4167,"Salmo","Salmonidae","Salmoniformes","Actinopterygii"
86,"Salmo salar","V","Ecto","body mass","0+ prewinter to 1+ spring survival -accounting for emigration",0.029,0.022,"dif",124,42.4167,"Salmo","Salmonidae","Salmoniformes","Actinopterygii"
86,"Salmo salar","V","Ecto","body mass","1+ spring to 1+ summer survival -accounting for emigration",0.021,0.029,"dif",124,42.4167,"Salmo","Salmonidae","Salmoniformes","Actinopterygii"
86,"Salmo salar","V","Ecto","body mass","1+ summer to 1+ fall survival -accounting for emigration",0.041,0.022,"dif",124,42.4167,"Salmo","Salmonidae","Salmoniformes","Actinopterygii"
86,"Salmo salar","V","Ecto","body mass","1+ fall to 1+ prewinter survival -accounting for emigration",-0.022,0.037,"dif",124,42.4167,"Salmo","Salmonidae","Salmoniformes","Actinopterygii"
86,"Salmo salar","V","Ecto","body mass","1+ prewinter to 2+ summer survival -accounting for emigration",0.029,0.039,"dif",124,42.4167,"Salmo","Salmonidae","Salmoniformes","Actinopterygii"
110,"Salmo trutta","V","Ecto","body length","survival",-0.498076723,NA,"dif",437,61.25,"Salmo","Salmonidae","Salmoniformes","Actinopterygii"
110,"Salmo trutta","V","Ecto","body length","survival",-0.172282513,NA,"dif",437,61.25,"Salmo","Salmonidae","Salmoniformes","Actinopterygii"
110,"Salmo trutta","V","Ecto","body length","survival",0.09212903,NA,"dif",437,61.25,"Salmo","Salmonidae","Salmoniformes","Actinopterygii"
110,"Salmo trutta","V","Ecto","body length","survival",-0.161300868,NA,"dif",437,61.25,"Salmo","Salmonidae","Salmoniformes","Actinopterygii"
110,"Salmo trutta","V","Ecto","body length","survival",-0.052879517,NA,"dif",437,61.25,"Salmo","Salmonidae","Salmoniformes","Actinopterygii"
110,"Salmo trutta","V","Ecto","body length","survival",-0.076833007,NA,"dif",437,61.25,"Salmo","Salmonidae","Salmoniformes","Actinopterygii"
110,"Salmo trutta","V","Ecto","body length","survival",-0.001243603,NA,"dif",437,61.25,"Salmo","Salmonidae","Salmoniformes","Actinopterygii"
110,"Salmo trutta","V","Ecto","body length","survival",0.021137501,NA,"dif",437,61.25,"Salmo","Salmonidae","Salmoniformes","Actinopterygii"
110,"Salmo trutta","V","Ecto","body length","survival",-0.172480233,NA,"dif",437,61.25,"Salmo","Salmonidae","Salmoniformes","Actinopterygii"
110,"Salmo trutta","V","Ecto","body length","survival",-0.141280181,NA,"dif",437,61.25,"Salmo","Salmonidae","Salmoniformes","Actinopterygii"
110,"Salmo trutta","V","Ecto","body length","survival",-0.011359771,NA,"dif",437,61.25,"Salmo","Salmonidae","Salmoniformes","Actinopterygii"
110,"Salmo trutta","V","Ecto","body length","survival",0.081211295,NA,"dif",437,61.25,"Salmo","Salmonidae","Salmoniformes","Actinopterygii"
110,"Salmo trutta","V","Ecto","body length","survival",-0.13878148,NA,"dif",437,61.25,"Salmo","Salmonidae","Salmoniformes","Actinopterygii"
110,"Salmo trutta","V","Ecto","body length","survival",0.058375139,NA,"dif",437,61.25,"Salmo","Salmonidae","Salmoniformes","Actinopterygii"
110,"Salmo trutta","V","Ecto","body length","survival",0.033586503,NA,"dif",437,61.25,"Salmo","Salmonidae","Salmoniformes","Actinopterygii"
110,"Salmo trutta","V","Ecto","body length","survival",0.029506182,NA,"dif",437,61.25,"Salmo","Salmonidae","Salmoniformes","Actinopterygii"
110,"Salmo trutta","V","Ecto","body length","survival",-0.135720633,NA,"dif",437,61.25,"Salmo","Salmonidae","Salmoniformes","Actinopterygii"
110,"Salmo trutta","V","Ecto","body length","survival",-0.27218002,NA,"dif",437,61.25,"Salmo","Salmonidae","Salmoniformes","Actinopterygii"
110,"Salmo trutta","V","Ecto","body length","survival",-0.144646756,NA,"dif",437,61.25,"Salmo","Salmonidae","Salmoniformes","Actinopterygii"
110,"Salmo trutta","V","Ecto","body length","survival",-0.076704161,NA,"dif",437,61.25,"Salmo","Salmonidae","Salmoniformes","Actinopterygii"
110,"Salmo trutta","V","Ecto","body length","survival",-0.045350953,NA,"dif",437,61.25,"Salmo","Salmonidae","Salmoniformes","Actinopterygii"
110,"Salmo trutta","V","Ecto","body length","survival",-0.018681046,NA,"dif",437,61.25,"Salmo","Salmonidae","Salmoniformes","Actinopterygii"
110,"Salmo trutta","V","Ecto","body length","survival",0.004672588,NA,"dif",437,61.25,"Salmo","Salmonidae","Salmoniformes","Actinopterygii"
110,"Salmo trutta","V","Ecto","body length","survival",0.005711067,NA,"dif",437,61.25,"Salmo","Salmonidae","Salmoniformes","Actinopterygii"
110,"Salmo trutta","V","Ecto","body length","survival",0.165270979,NA,"dif",437,61.25,"Salmo","Salmonidae","Salmoniformes","Actinopterygii"
110,"Salmo trutta","V","Ecto","body length","survival",-0.144287056,NA,"dif",437,61.25,"Salmo","Salmonidae","Salmoniformes","Actinopterygii"
110,"Salmo trutta","V","Ecto","body length","survival",0.009511024,NA,"dif",437,61.25,"Salmo","Salmonidae","Salmoniformes","Actinopterygii"
110,"Salmo trutta","V","Ecto","body length","survival",-0.081019464,NA,"dif",437,61.25,"Salmo","Salmonidae","Salmoniformes","Actinopterygii"
110,"Salmo trutta","V","Ecto","body length","survival",0.07699615,NA,"dif",437,61.25,"Salmo","Salmonidae","Salmoniformes","Actinopterygii"
145,"Petrochelidon pyrrhonota","V","Endo","Wing length","Abbual survival",0.1220348,0.070577295,"dif",1047,41.2167,"Petrochelidon","Hirundinidae","Passeriformes","Ave"
145,"Petrochelidon pyrrhonota","V","Endo","Wing length","Abbual survival",0.1972843,0.059355513,"dif",1047,41.2167,"Petrochelidon","Hirundinidae","Passeriformes","Ave"
145,"Petrochelidon pyrrhonota","V","Endo","Wing length","Abbual survival",0.0109877,0.056375466,"dif",1047,41.2167,"Petrochelidon","Hirundinidae","Passeriformes","Ave"
145,"Petrochelidon pyrrhonota","V","Endo","Wing length","Abbual survival",0.0445587,0.046731907,"dif",1047,41.2167,"Petrochelidon","Hirundinidae","Passeriformes","Ave"
145,"Petrochelidon pyrrhonota","V","Endo","Wing length","Abbual survival",0.0389769,0.047608129,"dif",1047,41.2167,"Petrochelidon","Hirundinidae","Passeriformes","Ave"
145,"Petrochelidon pyrrhonota","V","Endo","Wing length","Abbual survival",0.1040599,0.055179984,"dif",1047,41.2167,"Petrochelidon","Hirundinidae","Passeriformes","Ave"
145,"Petrochelidon pyrrhonota","V","Endo","Wing length","Abbual survival",0.0402933,0.04859803,"dif",1047,41.2167,"Petrochelidon","Hirundinidae","Passeriformes","Ave"
145,"Petrochelidon pyrrhonota","V","Endo","Wing length","Abbual survival",0.0665379,0.041816702,"dif",1047,41.2167,"Petrochelidon","Hirundinidae","Passeriformes","Ave"
145,"Petrochelidon pyrrhonota","V","Endo","Wing length","Abbual survival",0.0255888,0.052349658,"dif",1047,41.2167,"Petrochelidon","Hirundinidae","Passeriformes","Ave"
145,"Petrochelidon pyrrhonota","V","Endo","Wing length","Abbual survival",-0.0578901,0.054703926,"dif",1047,41.2167,"Petrochelidon","Hirundinidae","Passeriformes","Ave"
145,"Petrochelidon pyrrhonota","V","Endo","Wing length","Abbual survival",0.065868,0.117157412,"dif",1047,41.2167,"Petrochelidon","Hirundinidae","Passeriformes","Ave"
145,"Petrochelidon pyrrhonota","V","Endo","Wing length","Abbual survival",-0.0372921,0.170615441,"dif",1047,41.2167,"Petrochelidon","Hirundinidae","Passeriformes","Ave"
145,"Petrochelidon pyrrhonota","V","Endo","Tail length","Abbual survival",0.1500413,0.06946925,"dif",1047,41.2167,"Petrochelidon","Hirundinidae","Passeriformes","Ave"
145,"Petrochelidon pyrrhonota","V","Endo","Tail length","Abbual survival",0.5128938,0.061511169,"dif",1047,41.2167,"Petrochelidon","Hirundinidae","Passeriformes","Ave"
145,"Petrochelidon pyrrhonota","V","Endo","Tail length","Abbual survival",-0.1142,0.05636817,"dif",1047,41.2167,"Petrochelidon","Hirundinidae","Passeriformes","Ave"
145,"Petrochelidon pyrrhonota","V","Endo","Tail length","Abbual survival",0.2002411,0.047115955,"dif",1047,41.2167,"Petrochelidon","Hirundinidae","Passeriformes","Ave"
145,"Petrochelidon pyrrhonota","V","Endo","Tail length","Abbual survival",-0.0418552,0.047502726,"dif",1047,41.2167,"Petrochelidon","Hirundinidae","Passeriformes","Ave"
145,"Petrochelidon pyrrhonota","V","Endo","Tail length","Abbual survival",0.0678045,0.053862766,"dif",1047,41.2167,"Petrochelidon","Hirundinidae","Passeriformes","Ave"
145,"Petrochelidon pyrrhonota","V","Endo","Tail length","Abbual survival",0.1828491,0.049609273,"dif",1047,41.2167,"Petrochelidon","Hirundinidae","Passeriformes","Ave"
145,"Petrochelidon pyrrhonota","V","Endo","Tail length","Abbual survival",0.1993815,0.042279803,"dif",1047,41.2167,"Petrochelidon","Hirundinidae","Passeriformes","Ave"
145,"Petrochelidon pyrrhonota","V","Endo","Tail length","Abbual survival",-0.000944377,0.048120338,"dif",1047,41.2167,"Petrochelidon","Hirundinidae","Passeriformes","Ave"
145,"Petrochelidon pyrrhonota","V","Endo","Tail length","Abbual survival",-0.0246668,0.050915167,"dif",1047,41.2167,"Petrochelidon","Hirundinidae","Passeriformes","Ave"
145,"Petrochelidon pyrrhonota","V","Endo","Tail length","Abbual survival",-0.0128447,0.101555066,"dif",1047,41.2167,"Petrochelidon","Hirundinidae","Passeriformes","Ave"
145,"Petrochelidon pyrrhonota","V","Endo","Tail length","Abbual survival",0.1179346,0.146953421,"dif",1047,41.2167,"Petrochelidon","Hirundinidae","Passeriformes","Ave"
145,"Petrochelidon pyrrhonota","V","Endo","Tarsus length","Abbual survival",-0.2755929,0.091711044,"dif",1047,41.2167,"Petrochelidon","Hirundinidae","Passeriformes","Ave"
145,"Petrochelidon pyrrhonota","V","Endo","Tarsus length","Abbual survival",-0.2038392,0.063673141,"dif",1047,41.2167,"Petrochelidon","Hirundinidae","Passeriformes","Ave"
145,"Petrochelidon pyrrhonota","V","Endo","Tarsus length","Abbual survival",0.4361756,0.078795183,"dif",1047,41.2167,"Petrochelidon","Hirundinidae","Passeriformes","Ave"
145,"Petrochelidon pyrrhonota","V","Endo","Tarsus length","Abbual survival",-0.1051686,0.05255415,"dif",1047,41.2167,"Petrochelidon","Hirundinidae","Passeriformes","Ave"
145,"Petrochelidon pyrrhonota","V","Endo","Tarsus length","Abbual survival",0.51526,0.090824587,"dif",1047,41.2167,"Petrochelidon","Hirundinidae","Passeriformes","Ave"
145,"Petrochelidon pyrrhonota","V","Endo","Tarsus length","Abbual survival",-0.1442724,0.079331347,"dif",1047,41.2167,"Petrochelidon","Hirundinidae","Passeriformes","Ave"
145,"Petrochelidon pyrrhonota","V","Endo","Tarsus length","Abbual survival",0.034637,0.041243842,"dif",1047,41.2167,"Petrochelidon","Hirundinidae","Passeriformes","Ave"
145,"Petrochelidon pyrrhonota","V","Endo","Tarsus length","Abbual survival",0.1369134,0.041178183,"dif",1047,41.2167,"Petrochelidon","Hirundinidae","Passeriformes","Ave"
145,"Petrochelidon pyrrhonota","V","Endo","Tarsus length","Abbual survival",-0.1759534,0.061780667,"dif",1047,41.2167,"Petrochelidon","Hirundinidae","Passeriformes","Ave"
145,"Petrochelidon pyrrhonota","V","Endo","Tarsus length","Abbual survival",0.1244578,0.064577674,"dif",1047,41.2167,"Petrochelidon","Hirundinidae","Passeriformes","Ave"
145,"Petrochelidon pyrrhonota","V","Endo","Tarsus length","Abbual survival",-0.0186712,0.135998198,"dif",1047,41.2167,"Petrochelidon","Hirundinidae","Passeriformes","Ave"
145,"Petrochelidon pyrrhonota","V","Endo","Tarsus length","Abbual survival",0.0610706,0.154471921,"dif",1047,41.2167,"Petrochelidon","Hirundinidae","Passeriformes","Ave"
145,"Petrochelidon pyrrhonota","V","Endo","Bill length","Abbual survival",0.0311103,0.07489808,"dif",1047,41.2167,"Petrochelidon","Hirundinidae","Passeriformes","Ave"
145,"Petrochelidon pyrrhonota","V","Endo","Bill length","Abbual survival",0.4941281,0.062672896,"dif",1047,41.2167,"Petrochelidon","Hirundinidae","Passeriformes","Ave"
145,"Petrochelidon pyrrhonota","V","Endo","Bill length","Abbual survival",-0.8050861,0.069595234,"dif",1047,41.2167,"Petrochelidon","Hirundinidae","Passeriformes","Ave"
145,"Petrochelidon pyrrhonota","V","Endo","Bill length","Abbual survival",0.1236144,0.055261324,"dif",1047,41.2167,"Petrochelidon","Hirundinidae","Passeriformes","Ave"
145,"Petrochelidon pyrrhonota","V","Endo","Bill length","Abbual survival",0.978617,0.082722229,"dif",1047,41.2167,"Petrochelidon","Hirundinidae","Passeriformes","Ave"
145,"Petrochelidon pyrrhonota","V","Endo","Bill length","Abbual survival",1.034467,0.076676113,"dif",1047,41.2167,"Petrochelidon","Hirundinidae","Passeriformes","Ave"
145,"Petrochelidon pyrrhonota","V","Endo","Bill length","Abbual survival",0.2286868,0.057004839,"dif",1047,41.2167,"Petrochelidon","Hirundinidae","Passeriformes","Ave"
145,"Petrochelidon pyrrhonota","V","Endo","Bill length","Abbual survival",-0.0363153,0.049341735,"dif",1047,41.2167,"Petrochelidon","Hirundinidae","Passeriformes","Ave"
145,"Petrochelidon pyrrhonota","V","Endo","Bill length","Abbual survival",-0.0852332,0.064174353,"dif",1047,41.2167,"Petrochelidon","Hirundinidae","Passeriformes","Ave"
145,"Petrochelidon pyrrhonota","V","Endo","Bill length","Abbual survival",0.1118091,0.061154561,"dif",1047,41.2167,"Petrochelidon","Hirundinidae","Passeriformes","Ave"
145,"Petrochelidon pyrrhonota","V","Endo","Bill length","Abbual survival",0.0307458,0.127813956,"dif",1047,41.2167,"Petrochelidon","Hirundinidae","Passeriformes","Ave"
145,"Petrochelidon pyrrhonota","V","Endo","Bill length","Abbual survival",-0.1720405,0.210267341,"dif",1047,41.2167,"Petrochelidon","Hirundinidae","Passeriformes","Ave"
145,"Petrochelidon pyrrhonota","V","Endo","Bill width","Abbual survival",0.2680112,0.078753587,"dif",1047,41.2167,"Petrochelidon","Hirundinidae","Passeriformes","Ave"
145,"Petrochelidon pyrrhonota","V","Endo","Bill width","Abbual survival",-0.1363092,0.072929494,"dif",1047,41.2167,"Petrochelidon","Hirundinidae","Passeriformes","Ave"
145,"Petrochelidon pyrrhonota","V","Endo","Bill width","Abbual survival",0.9945964,0.078225481,"dif",1047,41.2167,"Petrochelidon","Hirundinidae","Passeriformes","Ave"
145,"Petrochelidon pyrrhonota","V","Endo","Bill width","Abbual survival",0.0113163,0.056685143,"dif",1047,41.2167,"Petrochelidon","Hirundinidae","Passeriformes","Ave"
145,"Petrochelidon pyrrhonota","V","Endo","Bill width","Abbual survival",-0.0706124,0.049526518,"dif",1047,41.2167,"Petrochelidon","Hirundinidae","Passeriformes","Ave"
145,"Petrochelidon pyrrhonota","V","Endo","Bill width","Abbual survival",0.1730018,0.046744756,"dif",1047,41.2167,"Petrochelidon","Hirundinidae","Passeriformes","Ave"
145,"Petrochelidon pyrrhonota","V","Endo","Bill width","Abbual survival",0.0468211,0.046578266,"dif",1047,41.2167,"Petrochelidon","Hirundinidae","Passeriformes","Ave"
145,"Petrochelidon pyrrhonota","V","Endo","Bill width","Abbual survival",0.1361281,0.042451737,"dif",1047,41.2167,"Petrochelidon","Hirundinidae","Passeriformes","Ave"
145,"Petrochelidon pyrrhonota","V","Endo","Bill width","Abbual survival",0.1067431,0.051047248,"dif",1047,41.2167,"Petrochelidon","Hirundinidae","Passeriformes","Ave"
145,"Petrochelidon pyrrhonota","V","Endo","Bill width","Abbual survival",-0.0437306,0.051137299,"dif",1047,41.2167,"Petrochelidon","Hirundinidae","Passeriformes","Ave"
145,"Petrochelidon pyrrhonota","V","Endo","Bill width","Abbual survival",0.0862208,0.114992827,"dif",1047,41.2167,"Petrochelidon","Hirundinidae","Passeriformes","Ave"
145,"Petrochelidon pyrrhonota","V","Endo","Bill width","Abbual survival",-0.053796,0.207840227,"dif",1047,41.2167,"Petrochelidon","Hirundinidae","Passeriformes","Ave"
28,"Calopteryx splendens","I","Ecto","forewing length","survival",-0.155,NA,"dif",33,55.6333,"Calopteryx","Calopterygidae","Odonata","Insecta"
28,"Calopteryx splendens","I","Ecto","abdomen length","survival",-0.028,NA,"dif",33,55.6333,"Calopteryx","Calopterygidae","Odonata","Insecta"
28,"Calopteryx splendens","I","Ecto","thorax length","survival",0.082,NA,"dif",33,55.6333,"Calopteryx","Calopterygidae","Odonata","Insecta"
28,"Calopteryx splendens","I","Ecto","thorax width","survival",0.095,NA,"dif",33,55.6333,"Calopteryx","Calopterygidae","Odonata","Insecta"
28,"Calopteryx splendens","I","Ecto","forewing length","survival",0.076,NA,"dif",33,55.6333,"Calopteryx","Calopterygidae","Odonata","Insecta"
28,"Calopteryx splendens","I","Ecto","abdomen length","survival",0.099,NA,"dif",33,55.6333,"Calopteryx","Calopterygidae","Odonata","Insecta"
28,"Calopteryx splendens","I","Ecto","forewing length","survival",-0.058,NA,"dif",10,55.7,"Calopteryx","Calopterygidae","Odonata","Insecta"
28,"Calopteryx splendens","I","Ecto","abdomen length","survival",-0.061,NA,"dif",10,55.7,"Calopteryx","Calopterygidae","Odonata","Insecta"
28,"Calopteryx splendens","I","Ecto","thorax length","survival",-0.071,NA,"dif",10,55.7,"Calopteryx","Calopterygidae","Odonata","Insecta"
28,"Calopteryx splendens","I","Ecto","thorax width","survival",0.022,NA,"dif",10,55.7,"Calopteryx","Calopterygidae","Odonata","Insecta"
7,"Eurosta solidaginins","I","Ecto","gall diameter","survival",0.41,NA,"dif",244,40.9058,"Eurosta","Tephritidae","Diptera","Insecta"
7,"Eurosta solidaginins","I","Ecto","gall diameter","survival",0.09,NA,"dif",244,40.9058,"Eurosta","Tephritidae","Diptera","Insecta"
7,"Eurosta solidaginins","I","Ecto","gall diameter","survival",0.48,NA,"dif",244,40.9058,"Eurosta","Tephritidae","Diptera","Insecta"
7,"Eurosta solidaginins","I","Ecto","gall diameter","survival",0.51,NA,"dif",244,40.9058,"Eurosta","Tephritidae","Diptera","Insecta"
7,"Eurosta solidaginins","I","Ecto","gall diameter","survival",0.35,NA,"dif",175,40.9178,"Eurosta","Tephritidae","Diptera","Insecta"
7,"Eurosta solidaginins","I","Ecto","gall diameter","survival",0.4,NA,"dif",175,40.9178,"Eurosta","Tephritidae","Diptera","Insecta"
7,"Eurosta solidaginins","I","Ecto","gall diameter","survival",0.67,NA,"dif",175,40.9178,"Eurosta","Tephritidae","Diptera","Insecta"
7,"Eurosta solidaginins","I","Ecto","gall diameter","survival",0.74,NA,"dif",175,40.9178,"Eurosta","Tephritidae","Diptera","Insecta"
7,"Eurosta solidaginins","I","Ecto","gall diameter","survival",0.7,NA,"dif",159,40.9253,"Eurosta","Tephritidae","Diptera","Insecta"
7,"Eurosta solidaginins","I","Ecto","gall diameter","survival",0.5,NA,"dif",159,40.9253,"Eurosta","Tephritidae","Diptera","Insecta"
7,"Eurosta solidaginins","I","Ecto","gall diameter","survival",0.74,NA,"dif",159,40.9253,"Eurosta","Tephritidae","Diptera","Insecta"
7,"Eurosta solidaginins","I","Ecto","gall diameter","survival",0.59,NA,"dif",159,40.9253,"Eurosta","Tephritidae","Diptera","Insecta"
7,"Eurosta solidaginins","I","Ecto","gall diameter","survival",0.48,NA,"dif",152,40.9281,"Eurosta","Tephritidae","Diptera","Insecta"
7,"Eurosta solidaginins","I","Ecto","gall diameter","survival",0.3,NA,"dif",152,40.9281,"Eurosta","Tephritidae","Diptera","Insecta"
7,"Eurosta solidaginins","I","Ecto","gall diameter","survival",0.43,NA,"dif",152,40.9281,"Eurosta","Tephritidae","Diptera","Insecta"
7,"Eurosta solidaginins","I","Ecto","gall diameter","survival",0.41,NA,"dif",152,40.9281,"Eurosta","Tephritidae","Diptera","Insecta"
7,"Eurosta solidaginins","I","Ecto","gall diameter","survival",0.36,NA,"dif",169,40.9422,"Eurosta","Tephritidae","Diptera","Insecta"
7,"Eurosta solidaginins","I","Ecto","gall diameter","survival",0.15,NA,"dif",169,40.9422,"Eurosta","Tephritidae","Diptera","Insecta"
7,"Eurosta solidaginins","I","Ecto","gall diameter","survival",0.28,NA,"dif",169,40.9422,"Eurosta","Tephritidae","Diptera","Insecta"
7,"Eurosta solidaginins","I","Ecto","gall diameter","survival",0.46,NA,"dif",169,40.9422,"Eurosta","Tephritidae","Diptera","Insecta"
7,"Eurosta solidaginins","I","Ecto","gall diameter","survival",0.45,NA,"dif",152,40.9722,"Eurosta","Tephritidae","Diptera","Insecta"
7,"Eurosta solidaginins","I","Ecto","gall diameter","survival",0.15,NA,"dif",152,40.9722,"Eurosta","Tephritidae","Diptera","Insecta"
7,"Eurosta solidaginins","I","Ecto","gall diameter","survival",0.36,NA,"dif",152,40.9722,"Eurosta","Tephritidae","Diptera","Insecta"
7,"Eurosta solidaginins","I","Ecto","gall diameter","survival",0.37,NA,"dif",152,40.9722,"Eurosta","Tephritidae","Diptera","Insecta"
7,"Eurosta solidaginins","I","Ecto","gall diameter","survival",0.57,NA,"dif",150,40.9758,"Eurosta","Tephritidae","Diptera","Insecta"
7,"Eurosta solidaginins","I","Ecto","gall diameter","survival",0.19,NA,"dif",150,40.9758,"Eurosta","Tephritidae","Diptera","Insecta"
7,"Eurosta solidaginins","I","Ecto","gall diameter","survival",0.67,NA,"dif",150,40.9758,"Eurosta","Tephritidae","Diptera","Insecta"
7,"Eurosta solidaginins","I","Ecto","gall diameter","survival",0.22,NA,"dif",150,40.9758,"Eurosta","Tephritidae","Diptera","Insecta"
7,"Eurosta solidaginins","I","Ecto","gall diameter","survival",0.02,NA,"dif",148,40.9806,"Eurosta","Tephritidae","Diptera","Insecta"
7,"Eurosta solidaginins","I","Ecto","gall diameter","survival",-0.26,NA,"dif",148,40.9806,"Eurosta","Tephritidae","Diptera","Insecta"
7,"Eurosta solidaginins","I","Ecto","gall diameter","survival",-0.09,NA,"dif",148,40.9806,"Eurosta","Tephritidae","Diptera","Insecta"
7,"Eurosta solidaginins","I","Ecto","gall diameter","survival",0.11,NA,"dif",148,40.9806,"Eurosta","Tephritidae","Diptera","Insecta"
7,"Eurosta solidaginins","I","Ecto","gall diameter","survival",0.31,NA,"dif",149,40.9811,"Eurosta","Tephritidae","Diptera","Insecta"
7,"Eurosta solidaginins","I","Ecto","gall diameter","survival",-0.04,NA,"dif",149,40.9811,"Eurosta","Tephritidae","Diptera","Insecta"
7,"Eurosta solidaginins","I","Ecto","gall diameter","survival",0.46,NA,"dif",149,40.9811,"Eurosta","Tephritidae","Diptera","Insecta"
7,"Eurosta solidaginins","I","Ecto","gall diameter","survival",0.36,NA,"dif",149,40.9811,"Eurosta","Tephritidae","Diptera","Insecta"
7,"Eurosta solidaginins","I","Ecto","gall diameter","survival",0.3,NA,"dif",149,40.9867,"Eurosta","Tephritidae","Diptera","Insecta"
7,"Eurosta solidaginins","I","Ecto","gall diameter","survival",0.15,NA,"dif",149,40.9867,"Eurosta","Tephritidae","Diptera","Insecta"
7,"Eurosta solidaginins","I","Ecto","gall diameter","survival",0.19,NA,"dif",149,40.9867,"Eurosta","Tephritidae","Diptera","Insecta"
7,"Eurosta solidaginins","I","Ecto","gall diameter","survival",0.36,NA,"dif",149,40.9867,"Eurosta","Tephritidae","Diptera","Insecta"
7,"Eurosta solidaginins","I","Ecto","gall diameter","survival",0.03,NA,"dif",143,40.9947,"Eurosta","Tephritidae","Diptera","Insecta"
7,"Eurosta solidaginins","I","Ecto","gall diameter","survival",0.05,NA,"dif",143,40.9947,"Eurosta","Tephritidae","Diptera","Insecta"
7,"Eurosta solidaginins","I","Ecto","gall diameter","survival",0.78,NA,"dif",143,40.9947,"Eurosta","Tephritidae","Diptera","Insecta"
7,"Eurosta solidaginins","I","Ecto","gall diameter","survival",0.44,NA,"dif",143,40.9947,"Eurosta","Tephritidae","Diptera","Insecta"
7,"Eurosta solidaginins","I","Ecto","gall diameter","survival",0.04,NA,"dif",150,41.02,"Eurosta","Tephritidae","Diptera","Insecta"
7,"Eurosta solidaginins","I","Ecto","gall diameter","survival",0.06,NA,"dif",150,41.02,"Eurosta","Tephritidae","Diptera","Insecta"
7,"Eurosta solidaginins","I","Ecto","gall diameter","survival",0.55,NA,"dif",150,41.02,"Eurosta","Tephritidae","Diptera","Insecta"
7,"Eurosta solidaginins","I","Ecto","gall diameter","survival",0.07,NA,"dif",150,41.02,"Eurosta","Tephritidae","Diptera","Insecta"
7,"Eurosta solidaginins","I","Ecto","gall diameter","survival",0.4,NA,"dif",172,41.1,"Eurosta","Tephritidae","Diptera","Insecta"
7,"Eurosta solidaginins","I","Ecto","gall diameter","survival",0.09,NA,"dif",172,41.1,"Eurosta","Tephritidae","Diptera","Insecta"
7,"Eurosta solidaginins","I","Ecto","gall diameter","survival",0.43,NA,"dif",172,41.1,"Eurosta","Tephritidae","Diptera","Insecta"
7,"Eurosta solidaginins","I","Ecto","gall diameter","survival",0.36,NA,"dif",172,41.1,"Eurosta","Tephritidae","Diptera","Insecta"
7,"Eurosta solidaginins","I","Ecto","gall diameter","survival",0,NA,"dif",181,41.1042,"Eurosta","Tephritidae","Diptera","Insecta"
7,"Eurosta solidaginins","I","Ecto","gall diameter","survival",0.02,NA,"dif",181,41.1042,"Eurosta","Tephritidae","Diptera","Insecta"
7,"Eurosta solidaginins","I","Ecto","gall diameter","survival",0.32,NA,"dif",181,41.1042,"Eurosta","Tephritidae","Diptera","Insecta"
7,"Eurosta solidaginins","I","Ecto","gall diameter","survival",0.34,NA,"dif",181,41.1042,"Eurosta","Tephritidae","Diptera","Insecta"
7,"Eurosta solidaginins","I","Ecto","gall diameter","survival",0.47,NA,"dif",201,41.1106,"Eurosta","Tephritidae","Diptera","Insecta"
7,"Eurosta solidaginins","I","Ecto","gall diameter","survival",0.16,NA,"dif",201,41.1106,"Eurosta","Tephritidae","Diptera","Insecta"
7,"Eurosta solidaginins","I","Ecto","gall diameter","survival",0.39,NA,"dif",201,41.1106,"Eurosta","Tephritidae","Diptera","Insecta"
7,"Eurosta solidaginins","I","Ecto","gall diameter","survival",1.19,NA,"dif",201,41.1106,"Eurosta","Tephritidae","Diptera","Insecta"
7,"Eurosta solidaginins","I","Ecto","gall diameter","survival",0.27,NA,"dif",213,41.1703,"Eurosta","Tephritidae","Diptera","Insecta"
7,"Eurosta solidaginins","I","Ecto","gall diameter","survival",0.24,NA,"dif",213,41.1703,"Eurosta","Tephritidae","Diptera","Insecta"
7,"Eurosta solidaginins","I","Ecto","gall diameter","survival",0.19,NA,"dif",213,41.1703,"Eurosta","Tephritidae","Diptera","Insecta"
7,"Eurosta solidaginins","I","Ecto","gall diameter","survival",0.29,NA,"dif",213,41.1703,"Eurosta","Tephritidae","Diptera","Insecta"
22,"Carpodacus mexicanus","V","Endo","bill length","survival",0.45,NA,"dif",742,32.2322,"Carpodacus","Fringillidae","Passeriformes","Ave"
22,"Carpodacus mexicanus","V","Endo","bill width","survival",0.13,NA,"dif",742,32.2322,"Carpodacus","Fringillidae","Passeriformes","Ave"
22,"Carpodacus mexicanus","V","Endo","bill depth","survival",0.46,NA,"dif",742,32.2322,"Carpodacus","Fringillidae","Passeriformes","Ave"
22,"Carpodacus mexicanus","V","Endo","bill length","survival",-0.31,NA,"dif",1079,32.2606,"Carpodacus","Fringillidae","Passeriformes","Ave"
22,"Carpodacus mexicanus","V","Endo","bill width","survival",0.32,NA,"dif",1079,32.2606,"Carpodacus","Fringillidae","Passeriformes","Ave"
22,"Carpodacus mexicanus","V","Endo","bill depth","survival",0.19,NA,"dif",1079,32.2606,"Carpodacus","Fringillidae","Passeriformes","Ave"
23,"Carpodacus mexicanus","V","Endo","bill length","overwinter survival",-0.01,NA,"dif",201,32.6042,"Carpodacus","Fringillidae","Passeriformes","Ave"
23,"Carpodacus mexicanus","V","Endo","wing length","overwinter survival",-0.12,NA,"dif",201,32.6042,"Carpodacus","Fringillidae","Passeriformes","Ave"
23,"Carpodacus mexicanus","V","Endo","tail length","overwinter survival",0.06,NA,"dif",201,32.6042,"Carpodacus","Fringillidae","Passeriformes","Ave"
23,"Carpodacus mexicanus","V","Endo","tarsus length","overwinter survival",0.03,NA,"dif",201,32.6042,"Carpodacus","Fringillidae","Passeriformes","Ave"
23,"Carpodacus mexicanus","V","Endo","bill length","overwinter survival",-0.34,NA,"dif",201,32.6042,"Carpodacus","Fringillidae","Passeriformes","Ave"
23,"Carpodacus mexicanus","V","Endo","wing length","overwinter survival",-0.15,NA,"dif",201,32.6042,"Carpodacus","Fringillidae","Passeriformes","Ave"
23,"Carpodacus mexicanus","V","Endo","tail length","overwinter survival",-0.27,NA,"dif",201,32.6042,"Carpodacus","Fringillidae","Passeriformes","Ave"
23,"Carpodacus mexicanus","V","Endo","tarsus length","overwinter survival",-0.47,NA,"dif",201,32.6042,"Carpodacus","Fringillidae","Passeriformes","Ave"
23,"Carpodacus mexicanus","V","Endo","bill length","overwinter survival",0.03,NA,"dif",268,42.2791,"Carpodacus","Fringillidae","Passeriformes","Ave"
23,"Carpodacus mexicanus","V","Endo","wing length","overwinter survival",-0.08,NA,"dif",268,42.2791,"Carpodacus","Fringillidae","Passeriformes","Ave"
23,"Carpodacus mexicanus","V","Endo","tail length","overwinter survival",0,NA,"dif",268,42.2791,"Carpodacus","Fringillidae","Passeriformes","Ave"
23,"Carpodacus mexicanus","V","Endo","tarsus length","overwinter survival",-0.21,NA,"dif",268,42.2791,"Carpodacus","Fringillidae","Passeriformes","Ave"
23,"Carpodacus mexicanus","V","Endo","bill length","overwinter survival",-0.06,NA,"dif",268,42.2791,"Carpodacus","Fringillidae","Passeriformes","Ave"
23,"Carpodacus mexicanus","V","Endo","wing length","overwinter survival",-0.03,NA,"dif",268,42.2791,"Carpodacus","Fringillidae","Passeriformes","Ave"
23,"Carpodacus mexicanus","V","Endo","tail length","overwinter survival",-0.11,NA,"dif",268,42.2791,"Carpodacus","Fringillidae","Passeriformes","Ave"
23,"Carpodacus mexicanus","V","Endo","tarsus length","overwinter survival",-0.12,NA,"dif",268,42.2791,"Carpodacus","Fringillidae","Passeriformes","Ave"
23,"Carpodacus mexicanus","V","Endo","bill length","overwinter survival",-0.09,NA,"dif",1834,48.8573,"Carpodacus","Fringillidae","Passeriformes","Ave"
23,"Carpodacus mexicanus","V","Endo","wing length","overwinter survival",-0.04,NA,"dif",1834,48.8573,"Carpodacus","Fringillidae","Passeriformes","Ave"
23,"Carpodacus mexicanus","V","Endo","tail length","overwinter survival",0.03,NA,"dif",1834,48.8573,"Carpodacus","Fringillidae","Passeriformes","Ave"
23,"Carpodacus mexicanus","V","Endo","tarsus length","overwinter survival",0,NA,"dif",1834,48.8573,"Carpodacus","Fringillidae","Passeriformes","Ave"
23,"Carpodacus mexicanus","V","Endo","bill length","overwinter survival",-0.02,NA,"dif",1834,48.8573,"Carpodacus","Fringillidae","Passeriformes","Ave"
23,"Carpodacus mexicanus","V","Endo","wing length","overwinter survival",0.46,NA,"dif",1834,48.8573,"Carpodacus","Fringillidae","Passeriformes","Ave"
23,"Carpodacus mexicanus","V","Endo","tail length","overwinter survival",0.07,NA,"dif",1834,48.8573,"Carpodacus","Fringillidae","Passeriformes","Ave"
23,"Carpodacus mexicanus","V","Endo","tarsus length","overwinter survival",0.19,NA,"dif",1834,48.8573,"Carpodacus","Fringillidae","Passeriformes","Ave"
163,"Ficedula albicolis","V","Endo","condition index","Survival to adulthood",0.231,0.096,"dif",26,57.1667,"Ficedula","Muscicapidae","Passeriformes","Ave"
163,"Ficedula albicolis","V","Endo","condition index","Survival to adulthood",0.184,0.072,"dif",26,57.1667,"Ficedula","Muscicapidae","Passeriformes","Ave"
163,"Ficedula albicolis","V","Endo","condition index","Survival to adulthood",0.284,0.079,"dif",26,57.1667,"Ficedula","Muscicapidae","Passeriformes","Ave"
163,"Ficedula albicolis","V","Endo","condition index","Survival to adulthood",0.23,0.069,"dif",26,57.1667,"Ficedula","Muscicapidae","Passeriformes","Ave"
163,"Ficedula albicolis","V","Endo","condition index","Survival to adulthood",-0.051,0.087,"dif",26,57.1667,"Ficedula","Muscicapidae","Passeriformes","Ave"
163,"Ficedula albicolis","V","Endo","condition index","Survival to adulthood",0.231,0.068,"dif",26,57.1667,"Ficedula","Muscicapidae","Passeriformes","Ave"
163,"Ficedula albicolis","V","Endo","condition index","Survival to adulthood",0.014,0.102,"dif",26,57.1667,"Ficedula","Muscicapidae","Passeriformes","Ave"
163,"Ficedula albicolis","V","Endo","condition index","Survival to adulthood",0.334,0.248,"dif",26,57.1667,"Ficedula","Muscicapidae","Passeriformes","Ave"
163,"Ficedula albicolis","V","Endo","condition index","Survival to adulthood",0.226,0.116,"dif",26,57.1667,"Ficedula","Muscicapidae","Passeriformes","Ave"
163,"Ficedula albicolis","V","Endo","condition index","Survival to adulthood",0.168,0.119,"dif",26,57.1667,"Ficedula","Muscicapidae","Passeriformes","Ave"
163,"Ficedula albicolis","V","Endo","condition index","Survival to adulthood",0.087,0.079,"dif",26,57.1667,"Ficedula","Muscicapidae","Passeriformes","Ave"
163,"Ficedula albicolis","V","Endo","condition index","Survival to adulthood",0.367,0.063,"dif",26,57.1667,"Ficedula","Muscicapidae","Passeriformes","Ave"
163,"Ficedula albicolis","V","Endo","condition index","Survival to adulthood",0.143,0.066,"dif",26,57.1667,"Ficedula","Muscicapidae","Passeriformes","Ave"
163,"Ficedula albicolis","V","Endo","condition index","Survival to adulthood",0.469,0.155,"dif",26,57.1667,"Ficedula","Muscicapidae","Passeriformes","Ave"
163,"Ficedula albicolis","V","Endo","condition index","Survival to adulthood",0.658,0.125,"dif",26,57.1667,"Ficedula","Muscicapidae","Passeriformes","Ave"
163,"Ficedula albicolis","V","Endo","condition index","Survival to adulthood",0.315,0.07,"dif",26,57.1667,"Ficedula","Muscicapidae","Passeriformes","Ave"
163,"Ficedula albicolis","V","Endo","condition index","Survival to adulthood",0.324,0.092,"dif",26,57.1667,"Ficedula","Muscicapidae","Passeriformes","Ave"
64,"Ficedula albicollis","V","Endo","fledgling tarsus length - phenotypic values","survival",0.188,0.097,"dif",26,57.1667,"Ficedula","Muscicapidae","Passeriformes","Ave"
64,"Ficedula albicollis","V","Endo","fledgling tarsus length - phenotypic values","survival",0.073,0.072,"dif",26,57.1667,"Ficedula","Muscicapidae","Passeriformes","Ave"
64,"Ficedula albicollis","V","Endo","fledgling tarsus length - phenotypic values","survival",0.237,0.079,"dif",26,57.1667,"Ficedula","Muscicapidae","Passeriformes","Ave"
64,"Ficedula albicollis","V","Endo","fledgling tarsus length - phenotypic values","survival",0.006,0.069,"dif",26,57.1667,"Ficedula","Muscicapidae","Passeriformes","Ave"
64,"Ficedula albicollis","V","Endo","fledgling tarsus length - phenotypic values","survival",0.32,0.087,"dif",26,57.1667,"Ficedula","Muscicapidae","Passeriformes","Ave"
64,"Ficedula albicollis","V","Endo","fledgling tarsus length - phenotypic values","survival",0.179,0.068,"dif",26,57.1667,"Ficedula","Muscicapidae","Passeriformes","Ave"
64,"Ficedula albicollis","V","Endo","fledgling tarsus length - phenotypic values","survival",0.006,0.103,"dif",26,57.1667,"Ficedula","Muscicapidae","Passeriformes","Ave"
64,"Ficedula albicollis","V","Endo","fledgling tarsus length - phenotypic values","survival",0.368,0.183,"dif",26,57.1667,"Ficedula","Muscicapidae","Passeriformes","Ave"
64,"Ficedula albicollis","V","Endo","fledgling tarsus length - phenotypic values","survival",0.321,0.115,"dif",26,57.1667,"Ficedula","Muscicapidae","Passeriformes","Ave"
64,"Ficedula albicollis","V","Endo","fledgling tarsus length - phenotypic values","survival",0.271,0.109,"dif",26,57.1667,"Ficedula","Muscicapidae","Passeriformes","Ave"
64,"Ficedula albicollis","V","Endo","fledgling tarsus length - phenotypic values","survival",0.359,0.077,"dif",26,57.1667,"Ficedula","Muscicapidae","Passeriformes","Ave"
64,"Ficedula albicollis","V","Endo","fledgling tarsus length - phenotypic values","survival",0.097,0.064,"dif",26,57.1667,"Ficedula","Muscicapidae","Passeriformes","Ave"
64,"Ficedula albicollis","V","Endo","fledgling tarsus length - phenotypic values","survival",0.086,0.066,"dif",26,57.1667,"Ficedula","Muscicapidae","Passeriformes","Ave"
64,"Ficedula albicollis","V","Endo","fledgling tarsus length - phenotypic values","survival",0.205,0.115,"dif",26,57.1667,"Ficedula","Muscicapidae","Passeriformes","Ave"
64,"Ficedula albicollis","V","Endo","fledgling tarsus length - phenotypic values","survival",0.182,0.11,"dif",26,57.1667,"Ficedula","Muscicapidae","Passeriformes","Ave"
64,"Ficedula albicollis","V","Endo","fledgling tarsus length - phenotypic values","survival",0.224,0.07,"dif",26,57.1667,"Ficedula","Muscicapidae","Passeriformes","Ave"
64,"Ficedula albicollis","V","Endo","fledgling tarsus length - phenotypic values","survival",0.421,0.092,"dif",26,57.1667,"Ficedula","Muscicapidae","Passeriformes","Ave"
112,"Zosterops lateralis chlorocephalus","V","Endo","pc1","survival",-0.13,0.16,"grad",-17,23.4333,"Zosterops","Zosteropidae","Passeriformes","Ave"
112,"Zosterops lateralis chlorocephalus","V","Endo","pc1","survival",-0.04,0.08,"grad",-17,23.4333,"Zosterops","Zosteropidae","Passeriformes","Ave"
112,"Zosterops lateralis chlorocephalus","V","Endo","pc1","survival",-0.02,0.06,"grad",-17,23.4333,"Zosterops","Zosteropidae","Passeriformes","Ave"
112,"Zosterops lateralis chlorocephalus","V","Endo","pc1","survival",0.01,0.06,"grad",-17,23.4333,"Zosterops","Zosteropidae","Passeriformes","Ave"
112,"Zosterops lateralis chlorocephalus","V","Endo","pc1","survival",0.07,0.07,"grad",-17,23.4333,"Zosterops","Zosteropidae","Passeriformes","Ave"
112,"Zosterops lateralis chlorocephalus","V","Endo","pc1","survival",0.09,0.06,"grad",-17,23.4333,"Zosterops","Zosteropidae","Passeriformes","Ave"
112,"Zosterops lateralis chlorocephalus","V","Endo","pc1","survival",0.09,0.05,"grad",-17,23.4333,"Zosterops","Zosteropidae","Passeriformes","Ave"
